{
  "N": 100,
  "avg_latency_ms": 0.041832826666450273,
  "std_latency_ms": 0.005027747055025676,
  "min_latency_ms": 0.037082999995163846,
  "max_latency_ms": 0.0821249999987117,
  "median_latency_ms": 0.04133350000401492,
  "total_queries_tested": 150,
  "raw_latencies_ms": [
    0.06320900000389429,
    0.0507909999996059,
    0.0444169999980204,
    0.04366699999991397,
    0.04316600000464632,
    0.04341700000054516,
    0.04133299999864448,
    0.041249999995329745,
    0.04125000000243517,
    0.04158299999801329,
    0.04241599999943446,
    0.04237499999959482,
    0.042249999999910415,
    0.04220799999643532,
    0.0420420000040167,
    0.041791000001012435,
    0.042041000000381246,
    0.04208400000038637,
    0.040957999999591266,
    0.040999999995960934,
    0.040708000000222455,
    0.04074999999659212,
    0.04058300000053805,
    0.04079200000006722,
    0.04100000000306636,
    0.04108299999927567,
    0.04066599999674736,
    0.040208000001484834,
    0.040458000000853644,
    0.04087499999627653,
    0.04045899999738367,
    0.04524999999944157,
    0.04220900000007077,
    0.04208400000038637,
    0.042000000000541604,
    0.0418750000008572,
    0.042167000003701105,
    0.04287499999833244,
    0.041958000004171936,
    0.04183300000448753,
    0.041958999993596535,
    0.042958999998177205,
    0.04262499999896363,
    0.04233300000322515,
    0.042000000000541604,
    0.04062499999690772,
    0.04441700000512583,
    0.04158299999801329,
    0.04179200000464789,
    0.04129199999880484,
    0.041666999997858056,
    0.04145799999832889,
    0.04029199999422417,
    0.04183400000101756,
    0.041667000004963484,
    0.04158400000164875,
    0.04154199999817365,
    0.04162499999438296,
    0.041458999994858914,
    0.04145799999832889,
    0.04133300000574991,
    0.0436250000035443,
    0.04083299999990686,
    0.0402499999978545,
    0.04029199999422417,
    0.040333999997699266,
    0.040667000000382814,
    0.03762499999737656,
    0.03712499999863894,
    0.037291999994693015,
    0.03741700000148285,
    0.037333000001638084,
    0.03716599999847858,
    0.03720800000195368,
    0.03749999999769216,
    0.037458999997852516,
    0.03716700000211404,
    0.03745800000132249,
    0.03716700000211404,
    0.03729099999816299,
    0.03720800000195368,
    0.037208999998483705,
    0.03712500000574437,
    0.03733399999816811,
    0.03712499999863894,
    0.037333000001638084,
    0.0377080000006913,
    0.03737500000511318,
    0.037250000005428774,
    0.037082999995163846,
    0.0370839999987993,
    0.043208999997546016,
    0.043083000001331584,
    0.04016700000164519,
    0.04004099999832533,
    0.0401249999981701,
    0.03991700000227638,
    0.0402920000013296,
    0.040375000004644335,
    0.04125000000243517,
    0.041334000002279936,
    0.04150000000180398,
    0.04145799999832889,
    0.041207999998960076,
    0.041249999995329745,
    0.039874999998801286,
    0.041166999999120435,
    0.04387500000291311,
    0.041416999998489246,
    0.04154199999817365,
    0.04137500000211958,
    0.04162499999438296,
    0.04137499999501415,
    0.04125000000243517,
    0.04049999999722331,
    0.04008400000543588,
    0.040082999994695,
    0.0402920000013296,
    0.041166999999120435,
    0.040916999999751624,
    0.041249999995329745,
    0.04387500000291311,
    0.04191600000069684,
    0.04170900000133315,
    0.045292000002916666,
    0.0412089999954901,
    0.04166600000132803,
    0.041166999999120435,
    0.04137500000211958,
    0.041458999994858914,
    0.04150000000180398,
    0.04137500000211958,
    0.04141600000195922,
    0.04133299999864448,
    0.041334000002279936,
    0.0410830000063811,
    0.04112499999564534,
    0.03999999999848569,
    0.03983300000243162,
    0.060791999999310065,
    0.0615419999974165,
    0.04449999999422971,
    0.04395799999912242,
    0.04329200000086075,
    0.04229199999628008,
    0.04254200000275432,
    0.0821249999987117,
    0.05370799999582232,
    0.049500000002922206,
    0.04737499999407646
  ]
}