{
  "N": 1000,
  "avg_latency_ms": 0.042189999999682946,
  "std_latency_ms": 0.004580221808002133,
  "min_latency_ms": 0.037833000000375705,
  "max_latency_ms": 0.07929199999523462,
  "median_latency_ms": 0.04229149999801507,
  "total_queries_tested": 150,
  "raw_latencies_ms": [
    0.06041700000025685,
    0.046666999999445125,
    0.04437500000165073,
    0.04433400000181109,
    0.04304200000149194,
    0.04308400000496704,
    0.04312500000480668,
    0.04291699999470211,
    0.04287499999833244,
    0.043083000001331584,
    0.04291700000180754,
    0.04258300000259396,
    0.04254200000275432,
    0.04295799999454175,
    0.042499999999279225,
    0.04316700000117635,
    0.04324999999738566,
    0.042749999998648036,
    0.042667000002438726,
    0.04175000000117279,
    0.040957999999591266,
    0.04125000000243517,
    0.040957999999591266,
    0.041166999999120435,
    0.04108299999927567,
    0.04141599999485379,
    0.04116600000259041,
    0.04162500000148839,
    0.0418329999973821,
    0.042458999999439584,
    0.042708999998808395,
    0.04591700000133869,
    0.04262499999896363,
    0.042499999999279225,
    0.04237499999959482,
    0.042332999996119725,
    0.04279200000212313,
    0.04283300000196277,
    0.042499999999279225,
    0.042249999999910415,
    0.042417000003069916,
    0.04262499999896363,
    0.04241599999943446,
    0.04220800000354075,
    0.04437500000165073,
    0.042541999995648894,
    0.041207999998960076,
    0.04179200000464789,
    0.041708000004803125,
    0.0420420000040167,
    0.041666999997858056,
    0.04100000000306636,
    0.04358299999296378,
    0.04266599999880327,
    0.0426669999953333,
    0.043874999995807684,
    0.04270800000227837,
    0.042332999996119725,
    0.042041000000381246,
    0.0426669999953333,
    0.04229200000338551,
    0.04483400000054871,
    0.043250000004491085,
    0.042499999999279225,
    0.04279099999848768,
    0.04299999999801685,
    0.04262500000606906,
    0.04237499999959482,
    0.042332999996119725,
    0.04237499999959482,
    0.042458999999439584,
    0.042749999998648036,
    0.04191699999722687,
    0.042749999998648036,
    0.042749999998648036,
    0.042708999998808395,
    0.04245800000290956,
    0.042290999999750056,
    0.042332999996119725,
    0.04299999999801685,
    0.039207999996904164,
    0.038124999996114184,
    0.03824999999579859,
    0.03820799999942892,
    0.03799999999642978,
    0.038541999998642495,
    0.03958300000306281,
    0.041166999999120435,
    0.041166999999120435,
    0.04212500000022601,
    0.04112500000275077,
    0.04400000000259752,
    0.041249999995329745,
    0.041291000002274814,
    0.04083299999990686,
    0.0410839999958057,
    0.03874999999453621,
    0.03841600000242806,
    0.038041999999904874,
    0.03804099999626942,
    0.03804100000337485,
    0.038209000003064375,
    0.03799999999642978,
    0.038124999996114184,
    0.03791700000022047,
    0.038000000003535206,
    0.03808400000337997,
    0.03816700000669471,
    0.038124999996114184,
    0.03858400000211759,
    0.03824999999579859,
    0.03791700000022047,
    0.03812500000321961,
    0.038209000003064375,
    0.037833000000375705,
    0.046457999999915955,
    0.038374999995482995,
    0.03820899999595895,
    0.038082999999744516,
    0.03825000000290402,
    0.03795800000006011,
    0.04349999999675447,
    0.04141600000195922,
    0.0417079999976977,
    0.04112499999564534,
    0.04104199999943603,
    0.04137500000211958,
    0.039792000002591976,
    0.04120900000259553,
    0.04129200000591027,
    0.040790999996431765,
    0.040957999999591266,
    0.04116600000259041,
    0.04175000000117279,
    0.04133299999864448,
    0.041290999995169386,
    0.04229200000338551,
    0.04624999999691681,
    0.04254099999911887,
    0.042749999998648036,
    0.042000000000541604,
    0.043083000001331584,
    0.04283300000196277,
    0.04270799999517294,
    0.04229199999628008,
    0.06841599999773962,
    0.07929199999523462,
    0.05166700000103219,
    0.04595899999770836,
    0.04445899999439007
  ]
}