{
  "N": 10,
  "avg_latency_ms": 0.04687220666648765,
  "std_latency_ms": 0.03261007242363203,
  "min_latency_ms": 0.03687499999927013,
  "max_latency_ms": 0.40808300000350073,
  "median_latency_ms": 0.041437499998409066,
  "total_queries_tested": 150,
  "raw_latencies_ms": [
    0.40808300000350073,
    0.06062500000325599,
    0.04874999999771035,
    0.04549999999881038,
    0.043500000003859896,
    0.04345899999691483,
    0.04208400000038637,
    0.041708000004803125,
    0.0418750000008572,
    0.04154199999817365,
    0.04212500000022601,
    0.04083300000701229,
    0.04049999999722331,
    0.04104199999943603,
    0.04062499999690772,
    0.04254099999911887,
    0.040417000001014,
    0.04212500000022601,
    0.042667000002438726,
    0.1020839999981149,
    0.05904199999662296,
    0.0426669999953333,
    0.04195900000070196,
    0.04179199999754246,
    0.14641599999976052,
    0.05483399999661742,
    0.04687500000244427,
    0.04600000000465343,
    0.043959000002757875,
    0.043624999996438873,
    0.04337499999707006,
    0.046584000003235815,
    0.043165999997540894,
    0.0428339999984928,
    0.0426669999953333,
    0.042499999999279225,
    0.04237499999959482,
    0.042541999995648894,
    0.042290999999750056,
    0.04208300000385634,
    0.042249999999910415,
    0.042708999998808395,
    0.0418750000008572,
    0.045374999999125976,
    0.045374999999125976,
    0.041334000002279936,
    0.04037499999753891,
    0.04016700000164519,
    0.040540999997062954,
    0.04037499999753891,
    0.04162500000148839,
    0.04175000000117279,
    0.04129199999880484,
    0.04245800000290956,
    0.04054200000069841,
    0.04337499999707006,
    0.0402499999978545,
    0.040458000000853644,
    0.04141600000195922,
    0.038666000001796874,
    0.037541999994061825,
    0.04241599999943446,
    0.03979199999548655,
    0.04416699999865159,
    0.039624999999432475,
    0.037915999996585015,
    0.03870800000527197,
    0.03995800000211602,
    0.04062499999690772,
    0.0402499999978545,
    0.03712499999863894,
    0.036958999999114894,
    0.037250000005428774,
    0.03737499999800775,
    0.03712499999863894,
    0.03716600000558401,
    0.03708300000226927,
    0.03720900000558913,
    0.03754200000116725,
    0.03720800000195368,
    0.03733400000527354,
    0.03720800000195368,
    0.037041999995324204,
    0.03708300000226927,
    0.03741699999437742,
    0.03687499999927013,
    0.037041000005899605,
    0.03704200000242963,
    0.03695800000258487,
    0.037082999995163846,
    0.037291000005268415,
    0.04112499999564534,
    0.03787499999674537,
    0.041749999994067366,
    0.042082999996750914,
    0.041290999995169386,
    0.04079200000006722,
    0.03999999999848569,
    0.040082999994695,
    0.04025000000495993,
    0.04016700000164519,
    0.040166000005115166,
    0.04041599999737855,
    0.04004099999832533,
    0.04004200000196079,
    0.04049999999722331,
    0.040208000001484834,
    0.04033300000116924,
    0.04145799999832889,
    0.04062499999690772,
    0.0384999999951674,
    0.04229200000338551,
    0.039916999995170954,
    0.040916999999751624,
    0.04100000000306636,
    0.041207999998960076,
    0.04279200000212313,
    0.0444169999980204,
    0.03983300000243162,
    0.042958999998177205,
    0.04004099999832533,
    0.043041999994386515,
    0.06283299999410019,
    0.11562499999939746,
    0.0896250000010923,
    0.05358300000324334,
    0.08625000000250793,
    0.042249999999910415,
    0.04133300000574991,
    0.042000000000541604,
    0.05641700000325045,
    0.04574999999817919,
    0.0415409999945382,
    0.041416999998489246,
    0.04166600000132803,
    0.043165999997540894,
    0.07129200000122182,
    0.042000000000541604,
    0.04199999999343618,
    0.04158300000511872,
    0.08162499999997408,
    0.044625000001019544,
    0.041207999998960076,
    0.04137500000211958,
    0.04133299999864448,
    0.041416999998489246,
    0.04404100000243716,
    0.04229200000338551,
    0.040916999999751624,
    0.042249999999910415
  ]
}