{
  "N": 5000,
  "avg_latency_ms": 0.047414166666375955,
  "std_latency_ms": 0.01710084306191684,
  "min_latency_ms": 0.038374999995482995,
  "max_latency_ms": 0.16316699999663342,
  "median_latency_ms": 0.043208499999281,
  "total_queries_tested": 150,
  "raw_latencies_ms": [
    0.12770900000447227,
    0.051416000005133355,
    0.04570800000180952,
    0.044625000001019544,
    0.043750000003228706,
    0.04349999999675447,
    0.043083000001331584,
    0.04358400000370466,
    0.04283300000196277,
    0.04324999999738566,
    0.04312499999770125,
    0.04287499999833244,
    0.0428339999984928,
    0.04175000000117279,
    0.04150000000180398,
    0.04337499999707006,
    0.043250000004491085,
    0.04291700000180754,
    0.04266599999880327,
    0.04354099999659411,
    0.04266599999880327,
    0.04220799999643532,
    0.04254099999911887,
    0.04312499999770125,
    0.04295800000164718,
    0.04312499999770125,
    0.04308299999422616,
    0.04291700000180754,
    0.04283300000196277,
    0.042541999995648894,
    0.04129199999880484,
    0.046040999997387644,
    0.044625000001019544,
    0.04279200000212313,
    0.04258399999912399,
    0.04320900000465144,
    0.041207999998960076,
    0.04137499999501415,
    0.04129199999880484,
    0.04254099999911887,
    0.04379099999596292,
    0.042541999995648894,
    0.04287499999833244,
    0.14237500000291448,
    0.07275000000106502,
    0.054333000001349774,
    0.07770800000628242,
    0.05341699999661387,
    0.050457999996922354,
    0.04804099999944356,
    0.04633300000023155,
    0.04574999999817919,
    0.04683299999896917,
    0.045624999998494786,
    0.04491699999675802,
    0.044792000004179044,
    0.04541700000260107,
    0.04445799999786004,
    0.04479100000054359,
    0.044875000000388354,
    0.04445799999786004,
    0.04837499999865713,
    0.044875000000388354,
    0.04425000000196633,
    0.045124999999757165,
    0.044165999995016136,
    0.043874999995807684,
    0.04391699999928278,
    0.04358400000370466,
    0.044041999998967185,
    0.045292000002916666,
    0.04366699999991397,
    0.043250000004491085,
    0.04316700000117635,
    0.0434580000003848,
    0.0453750000062314,
    0.043791999999598374,
    0.043250000004491085,
    0.04324999999738566,
    0.043791999999598374,
    0.04320800000101599,
    0.04295800000164718,
    0.04291699999470211,
    0.04291599999817208,
    0.04316700000117635,
    0.04316700000117635,
    0.045707999994704096,
    0.04320799999391056,
    0.043542000000229564,
    0.04283300000196277,
    0.04283300000196277,
    0.04879200000118544,
    0.0434580000003848,
    0.042499999999279225,
    0.04324999999738566,
    0.04295800000164718,
    0.04262499999896363,
    0.042749999998648036,
    0.04191699999722687,
    0.0384999999951674,
    0.038791999998011306,
    0.03841699999895809,
    0.03966700000290757,
    0.04175000000117279,
    0.04262499999896363,
    0.04237499999959482,
    0.04458299999754445,
    0.042667000002438726,
    0.04270800000227837,
    0.04287499999833244,
    0.0428339999984928,
    0.04245800000290956,
    0.04270799999517294,
    0.04254200000275432,
    0.043208999997546016,
    0.042750000005753463,
    0.04208400000038637,
    0.04237499999959482,
    0.04229199999628008,
    0.039375000000063665,
    0.038374999995482995,
    0.04370799999975361,
    0.043291999993755326,
    0.04283300000196277,
    0.04287499999833244,
    0.04283300000196277,
    0.04287500000543787,
    0.04295800000164718,
    0.09012499999982992,
    0.06858400000453457,
    0.05262499999503234,
    0.049291999999923064,
    0.05854099999424989,
    0.056125000000406544,
    0.16316699999663342,
    0.13804099999958908,
    0.04866700000150104,
    0.04479199999707362,
    0.04366699999991397,
    0.044625000001019544,
    0.04291700000180754,
    0.04299999999801685,
    0.042749999998648036,
    0.045916000004808666,
    0.04333399999723042,
    0.043000000005122274,
    0.04287499999833244,
    0.04287499999833244,
    0.0426669999953333,
    0.043208999997546016
  ]
}