{
  "N": 500,
  "avg_latency_ms": 0.04432002000001489,
  "std_latency_ms": 0.006870031425138162,
  "min_latency_ms": 0.03841699999895809,
  "max_latency_ms": 0.10829100000364633,
  "median_latency_ms": 0.04264549999888345,
  "total_queries_tested": 150,
  "raw_latencies_ms": [
    0.06141599999409664,
    0.04708300000544341,
    0.043750000003228706,
    0.04320900000465144,
    0.04287499999833244,
    0.04291700000180754,
    0.0426660000059087,
    0.04258399999912399,
    0.04241699999596449,
    0.04279200000212313,
    0.04291599999817208,
    0.043583000000069205,
    0.04283300000196277,
    0.04237499999959482,
    0.03974999999911688,
    0.041499999994698555,
    0.040875000003381956,
    0.04079100000353719,
    0.041499999994698555,
    0.042750000005753463,
    0.053332999996769104,
    0.05333400000040456,
    0.05449999999740385,
    0.04254200000275432,
    0.04212500000022601,
    0.04062499999690772,
    0.04195900000070196,
    0.05099999999913507,
    0.042541999995648894,
    0.04958400000276697,
    0.04287500000543787,
    0.04404099999533173,
    0.042249999999910415,
    0.04212500000022601,
    0.04220900000007077,
    0.04208400000038637,
    0.04208300000385634,
    0.040916999999751624,
    0.04095899999612129,
    0.041166999999120435,
    0.04212500000022601,
    0.043709000003389065,
    0.051457999994397596,
    0.04220799999643532,
    0.04216699999659568,
    0.042749999998648036,
    0.07716700000059973,
    0.05941599999914615,
    0.04808399999944868,
    0.046707999999284766,
    0.04600000000465343,
    0.04558300000212512,
    0.04483400000054871,
    0.04470900000086431,
    0.045207999995966475,
    0.04579199999454886,
    0.043542000000229564,
    0.04337499999707006,
    0.04229199999628008,
    0.04183400000101756,
    0.04187499999375177,
    0.04549999999881038,
    0.043874999995807684,
    0.04287499999833244,
    0.042832999994857346,
    0.0434580000003848,
    0.04304200000149194,
    0.04329200000086075,
    0.04316700000117635,
    0.045624999998494786,
    0.043083000001331584,
    0.043333000000700395,
    0.04304200000149194,
    0.043832999999438016,
    0.0450830000033875,
    0.04166600000132803,
    0.04054200000069841,
    0.04158299999801329,
    0.04150000000180398,
    0.04216699999659568,
    0.04270800000227837,
    0.04270800000227837,
    0.04262499999896363,
    0.04262499999896363,
    0.042249999999910415,
    0.03954099999958771,
    0.03862500000195723,
    0.03841699999895809,
    0.04050000000432874,
    0.04337499999707006,
    0.04100000000306636,
    0.04700000000212867,
    0.04287500000543787,
    0.04283300000196277,
    0.04220800000354075,
    0.042499999999279225,
    0.04125000000243517,
    0.04100000000306636,
    0.04254200000275432,
    0.04229199999628008,
    0.04279200000212313,
    0.04245799999580413,
    0.04254200000275432,
    0.0428339999984928,
    0.04112499999564534,
    0.0434580000003848,
    0.04262499999896363,
    0.04250000000638465,
    0.04245800000290956,
    0.04262499999896363,
    0.042749999998648036,
    0.04941699999960747,
    0.04129199999880484,
    0.04079200000006722,
    0.04695799999865358,
    0.041166999999120435,
    0.0415409999945382,
    0.04266599999880327,
    0.04220800000354075,
    0.0418750000008572,
    0.04237499999959482,
    0.044875000000388354,
    0.04579100000512426,
    0.042249999999910415,
    0.04220900000007077,
    0.042791999995017704,
    0.043874999995807684,
    0.042749999998648036,
    0.042499999999279225,
    0.04237499999959482,
    0.042332999996119725,
    0.042499999999279225,
    0.04258300000259396,
    0.04266599999880327,
    0.04258300000259396,
    0.042249999999910415,
    0.0426669999953333,
    0.042417000003069916,
    0.042499999999279225,
    0.042417000003069916,
    0.04470900000086431,
    0.042499999999279225,
    0.04229200000338551,
    0.04241699999596449,
    0.04629200000039191,
    0.10829100000364633,
    0.05987500000514956,
    0.05129100000544895,
    0.04837499999865713,
    0.04712500000181308
  ]
}