{
  "N": 50,
  "avg_latency_ms": 0.04551780666654774,
  "std_latency_ms": 0.012017484426683869,
  "min_latency_ms": 0.037291999994693015,
  "max_latency_ms": 0.1315000000019495,
  "median_latency_ms": 0.042749999998648036,
  "total_queries_tested": 150,
  "raw_latencies_ms": [
    0.08487499999887405,
    0.05225000000308455,
    0.0450409999999124,
    0.04808399999944868,
    0.04316700000117635,
    0.042332999996119725,
    0.04241699999596449,
    0.043832999999438016,
    0.04170900000133315,
    0.04195799999706651,
    0.04154200000527908,
    0.04104199999943603,
    0.041166999999120435,
    0.04104199999943603,
    0.04137499999501415,
    0.04141600000195922,
    0.043333000000700395,
    0.04158400000164875,
    0.04399999999549209,
    0.041207999998960076,
    0.041458000005434315,
    0.041207999998960076,
    0.04100000000306636,
    0.041416999998489246,
    0.04145799999832889,
    0.04137499999501415,
    0.04108299999927567,
    0.0409160000032216,
    0.04100000000306636,
    0.04150000000180398,
    0.044625000001019544,
    0.0503340000008734,
    0.04341699999343973,
    0.1315000000019495,
    0.07462500000343653,
    0.052416999999138625,
    0.04804199999597358,
    0.046749999995654434,
    0.04541700000260107,
    0.04437500000165073,
    0.04466699999738921,
    0.04379099999596292,
    0.0436250000035443,
    0.043624999996438873,
    0.043165999997540894,
    0.04299999999801685,
    0.04312500000480668,
    0.04316700000117635,
    0.04283300000196277,
    0.04299999999801685,
    0.04233399999975518,
    0.04245800000290956,
    0.0426669999953333,
    0.04262499999896363,
    0.04295900000528263,
    0.042749999998648036,
    0.04262499999896363,
    0.04262499999896363,
    0.043500000003859896,
    0.045124999999757165,
    0.04262499999896363,
    0.04570900000544498,
    0.043000000005122274,
    0.04304200000149194,
    0.04262500000606906,
    0.04304200000149194,
    0.04237499999959482,
    0.04187499999375177,
    0.042417000003069916,
    0.04137500000211958,
    0.039542000003223166,
    0.03845799999879773,
    0.03745800000132249,
    0.03749999999769216,
    0.03758400000464235,
    0.03766700000085166,
    0.0377080000006913,
    0.0377080000006913,
    0.038041999999904874,
    0.03741600000495282,
    0.038000000003535206,
    0.037959000003695564,
    0.0378750000038508,
    0.037291999994693015,
    0.037665999997216204,
    0.03749999999769216,
    0.03774999999706097,
    0.03808399999627454,
    0.04162500000148839,
    0.04304200000149194,
    0.04074999999659212,
    0.04504199999644243,
    0.04883399999755511,
    0.042417000003069916,
    0.042749999998648036,
    0.04220799999643532,
    0.042832999994857346,
    0.04049999999722331,
    0.04154199999817365,
    0.04370799999975361,
    0.04970899999534595,
    0.044875000000388354,
    0.05133300000181862,
    0.04450000000133514,
    0.04133299999864448,
    0.053791999995667084,
    0.04254099999911887,
    0.04175000000117279,
    0.0418750000008572,
    0.042041000000381246,
    0.05049999999329202,
    0.04229200000338551,
    0.04337499999707006,
    0.041958000004171936,
    0.042417000003069916,
    0.0418329999973821,
    0.042249999999910415,
    0.04179199999754246,
    0.041958000004171936,
    0.04158300000511872,
    0.042249999999910415,
    0.0434580000003848,
    0.04291700000180754,
    0.04170900000133315,
    0.08145900000045003,
    0.06883300000026793,
    0.09512500000141699,
    0.09816699999731782,
    0.08520900000519305,
    0.050416000000552685,
    0.045999999997548,
    0.04516699999612683,
    0.04500000000007276,
    0.0445840000011799,
    0.04399999999549209,
    0.04370799999975361,
    0.043874999995807684,
    0.07483299999933024,
    0.044957999996597664,
    0.04412500000228192,
    0.04374999999612328,
    0.04304200000149194,
    0.04312499999770125,
    0.04312500000480668,
    0.04291600000527751,
    0.04304200000149194,
    0.042541999995648894,
    0.04474999999359852,
    0.04345799999327937,
    0.04291600000527751
  ]
}