{
  "N": 1000,
  "total_messages": 10000,
  "processed_messages": 10000,
  "failed_messages": 0,
  "total_time_s": 0.1660722089999993,
  "throughput_msg_per_s": 60214.77079286663,
  "max_workers": 50,
  "success_rate": 1.0
}