{
  "N": 500,
  "total_messages": 10000,
  "processed_messages": 10000,
  "failed_messages": 0,
  "total_time_s": 0.13948475000000116,
  "throughput_msg_per_s": 71692.42515758832,
  "max_workers": 50,
  "success_rate": 1.0
}