{
  "N": 100,
  "total_messages": 10000,
  "processed_messages": 10000,
  "failed_messages": 0,
  "total_time_s": 0.22636383400000426,
  "throughput_msg_per_s": 44176.66825699644,
  "max_workers": 50,
  "success_rate": 1.0
}