{
  "N": 500,
  "avg_latency_ms": 18.32457752666665,
  "std_latency_ms": 5.5456884679771195,
  "min_latency_ms": 8.294708000001094,
  "max_latency_ms": 41.520166000001524,
  "median_latency_ms": 17.295166500000292,
  "embedding_precompute_time_s": 0.5714490413665771,
  "total_queries_tested": 150,
  "raw_latencies_ms": [
    8.294708000001094,
    17.4350419999989,
    16.082250000000187,
    16.213457999999292,
    18.393999999997135,
    16.861875000000026,
    12.632708999998243,
    22.30141699999777,
    19.408083000001852,
    22.164000000000073,
    39.24454199999872,
    41.520166000001524,
    29.478000000001003,
    26.955749999999057,
    17.666125000001642,
    19.960417000000064,
    14.972665999998469,
    17.866542000000152,
    20.588083999999895,
    14.786332999999985,
    23.605207999999323,
    25.254374999999385,
    21.47304200000022,
    24.710958000000005,
    21.230791999997223,
    17.668707999998645,
    21.488665999999768,
    24.829624999998856,
    27.667791999999025,
    19.973333000002924,
    16.136459000001935,
    14.573999999999643,
    24.779292000001618,
    20.099208000001312,
    28.128624999997243,
    39.15970799999968,
    21.20108399999765,
    19.604333000000196,
    24.131667000002466,
    15.492709000000104,
    14.581542000001946,
    21.377583000003142,
    23.54429200000041,
    17.113333000001063,
    17.381083000000075,
    17.67879099999803,
    18.871666999999093,
    15.922750000001429,
    16.792499999997546,
    12.324291999998849,
    13.763457999999673,
    13.515416000000613,
    17.39558400000263,
    15.75950000000148,
    15.834250000001049,
    14.263583000001745,
    12.347000000001884,
    14.93250000000046,
    17.718124999998253,
    12.018125000000879,
    16.76429200000129,
    14.080583000001923,
    14.128666000001289,
    14.656667000000567,
    11.05554200000114,
    17.261000000001303,
    16.74358400000031,
    10.39141600000093,
    10.596250000002527,
    13.20270899999798,
    14.90912499999908,
    9.728749999997177,
    10.904208999999554,
    14.925749999999738,
    11.247458999999793,
    13.400500000003035,
    14.86175000000145,
    12.65608299999954,
    12.800625000000565,
    15.443833999999157,
    14.70762499999978,
    15.408582999999254,
    14.73641699999817,
    17.36262500000052,
    13.104624999996872,
    13.411167000001,
    17.042292000002845,
    15.404832999998064,
    12.159832999998343,
    16.241749999998945,
    17.88458300000073,
    13.419084000002357,
    22.360959000000236,
    24.22441699999922,
    20.952334000000405,
    13.52091700000102,
    18.63379199999926,
    19.58100000000229,
    28.550584000001322,
    26.20520900000045,
    20.87724999999807,
    21.582375000001264,
    25.506625000002003,
    18.046333000000914,
    21.62370799999991,
    21.56183399999989,
    25.740082999998748,
    22.152125000001632,
    21.368582999997443,
    16.50333300000284,
    27.85204099999916,
    24.540874999999573,
    20.331166999998374,
    20.297332999998474,
    16.394124999997928,
    15.014832999998617,
    13.077833000000538,
    15.453791999998856,
    18.10299999999998,
    13.952750000001402,
    12.073042000000811,
    8.802958000000416,
    13.630542000001356,
    17.32933299999928,
    18.466249999999462,
    23.073166999999728,
    18.618041999999946,
    24.691832999998553,
    21.76854100000014,
    24.71645800000033,
    17.094374999999218,
    13.596666999998064,
    15.006082999999393,
    14.05687499999786,
    21.25087499999978,
    13.363500000000528,
    13.994249999999653,
    20.072375000001585,
    33.28841699999785,
    20.70954199999875,
    14.296665999999902,
    21.364874999999728,
    20.5896249999995,
    19.58850000000112,
    13.301958999999641,
    16.023833000001986,
    15.540874999999232,
    15.152541999999158,
    17.236125000000158,
    18.165957999997318
  ]
}