{
  "N": 10,
  "avg_latency_ms": 7.8925797333333145,
  "std_latency_ms": 5.867416747976065,
  "min_latency_ms": 5.703333999999671,
  "max_latency_ms": 60.27920800000075,
  "median_latency_ms": 6.952875499999678,
  "embedding_precompute_time_s": 0.09598898887634277,
  "total_queries_tested": 150,
  "raw_latencies_ms": [
    60.27920800000075,
    35.96754199999985,
    7.703833999999077,
    6.826999999999472,
    6.341332999999949,
    33.45075000000186,
    8.564124999999478,
    7.264582999997771,
    7.036792000000958,
    7.724333999998834,
    6.692499999999768,
    6.514750000000902,
    6.52929099999966,
    7.073416999997306,
    6.818792000000684,
    7.672625000001432,
    7.859584000001973,
    6.369250000002324,
    6.436708999999041,
    7.180625000000163,
    7.766834000001666,
    6.9402919999994594,
    5.92175000000239,
    6.199417000001262,
    6.396999999999764,
    7.023916000001407,
    7.421875000002132,
    6.860541999998304,
    6.713333000000432,
    6.793000000001825,
    6.500582999997562,
    7.569916000001342,
    6.819916000001314,
    7.152875000002723,
    6.0779169999989335,
    6.1675000000001035,
    6.942208999998201,
    7.715833999998978,
    7.282541999998671,
    6.239374999999825,
    6.277999999998229,
    7.3699159999982555,
    7.570167000000794,
    7.188625000001281,
    7.0229170000004615,
    6.318790999998214,
    6.80233299999955,
    7.036667000001273,
    6.8801670000020465,
    7.110209000000367,
    7.661291999998099,
    36.21908300000243,
    7.67850000000081,
    7.137375000002777,
    8.024082999998683,
    8.131625000000753,
    7.376250000000084,
    7.091666000000885,
    7.090707999999779,
    6.846667000001361,
    7.2741659999984165,
    6.830125000000464,
    6.128791999998384,
    6.08187499999957,
    7.103000000000748,
    7.062499999999972,
    7.510500000002196,
    6.844499999999698,
    6.240541999996907,
    6.240082999998009,
    6.268834000000112,
    6.789000000001266,
    6.747707999998909,
    5.970958999998999,
    6.3211670000029585,
    6.721124999998551,
    7.106374999999332,
    7.8390000000005955,
    7.659500000002595,
    6.780791000000619,
    6.331333999998634,
    6.144750000000698,
    6.8637500000008345,
    5.802999999996672,
    6.279666999997602,
    6.52708399999824,
    6.898499999998364,
    7.353541000000519,
    7.153082999998617,
    7.006999999997987,
    7.149874999999639,
    7.254791999997678,
    8.15845800000048,
    8.349833000000473,
    7.1739999999991255,
    7.144790999998207,
    6.6675829999987,
    7.824708000001124,
    8.330750000002496,
    7.171959000000783,
    7.061833000001627,
    6.9901250000015125,
    7.8829159999997955,
    6.529458999999349,
    6.998750000001053,
    7.167000000002588,
    6.063916999998753,
    6.855791999999639,
    6.866750000000366,
    6.799166000000412,
    7.3852919999986,
    5.977500000000191,
    6.585707999999357,
    6.8768749999996714,
    6.813417000000044,
    5.841082999999969,
    6.436250000000143,
    7.131499999999846,
    7.0924579999989135,
    6.708624999998136,
    7.078250000002839,
    5.703333999999671,
    6.446167000000003,
    6.676499999997532,
    6.460915999998207,
    6.027583999998143,
    7.057500000001937,
    6.877041999999278,
    7.586249999999239,
    7.148250000000189,
    6.644417000000402,
    6.471333000000357,
    6.9337920000016595,
    7.709500000000702,
    8.499916000001662,
    8.014709000001119,
    7.8576669999996795,
    7.91991599999875,
    8.135707999997521,
    6.910624999999726,
    6.875791000002351,
    7.706666999997225,
    6.215250000000339,
    6.963542000001155,
    7.3325829999966174,
    6.860875000000988,
    7.412291999997933,
    6.233291000000918,
    6.414583000001528,
    6.890583000000561
  ]
}