{
  "N": 100,
  "avg_latency_ms": 21.138847013333404,
  "std_latency_ms": 8.373131322937148,
  "min_latency_ms": 9.363875000001798,
  "max_latency_ms": 59.45883299999721,
  "median_latency_ms": 18.30985399999996,
  "embedding_precompute_time_s": 0.34569597244262695,
  "total_queries_tested": 150,
  "raw_latencies_ms": [
    9.363875000001798,
    12.533666999999582,
    16.948499999998035,
    19.029749999997847,
    17.306582999999875,
    46.608500000001385,
    20.170042000000166,
    20.918125000001453,
    23.718749999996902,
    24.035042000001283,
    14.515875000000733,
    22.346166999998474,
    15.41808400000022,
    17.49033400000144,
    18.370624999999308,
    30.920083999998127,
    16.366542000000095,
    15.357749999999726,
    19.31629199999918,
    20.082333000001285,
    22.442458000000443,
    18.707625000001116,
    18.092416999998306,
    16.22737499999971,
    15.320167000002272,
    17.92812500000096,
    22.490874999999022,
    20.68854200000203,
    25.89041699999939,
    44.759167000002265,
    32.02637499999739,
    18.192375000001704,
    21.563125000000127,
    23.08929200000165,
    28.629542000000896,
    26.428458000001598,
    18.275833000000574,
    22.520582999998595,
    34.83604199999846,
    29.259500000001992,
    28.77804099999892,
    28.87100000000231,
    23.270959000001312,
    16.628666999999098,
    20.431583000000586,
    18.67595899999941,
    17.47587499999881,
    16.140291999999334,
    12.726125000000366,
    17.523374999999675,
    20.384083999999802,
    13.637374999998286,
    15.215375000000364,
    26.921167000001134,
    15.437708000000328,
    16.580958999998785,
    20.18341699999837,
    32.29566699999964,
    17.51758300000006,
    38.26395800000171,
    54.1061660000004,
    37.96437500000138,
    35.968874999998235,
    59.45883299999721,
    30.860125000000238,
    14.853500000000963,
    14.06091699999834,
    18.34083299999989,
    16.24187500000218,
    18.028125000000728,
    17.210250000001537,
    13.515916999999433,
    22.440915999997202,
    16.291208999998474,
    18.278875000000028,
    17.70162499999728,
    21.27479199999982,
    16.62070799999782,
    16.811541000002705,
    20.137500000000585,
    21.351083999999076,
    23.72454200000007,
    19.220125000000365,
    15.869874999999922,
    19.44650000000081,
    17.355917000003274,
    17.482707999999292,
    17.947332999998622,
    27.954292000000436,
    27.872500000000855,
    37.0687089999997,
    9.552207999998785,
    15.90179200000108,
    18.56437500000041,
    15.378250000001259,
    16.09499999999997,
    19.83849999999876,
    17.796374999999642,
    15.79691699999941,
    12.825917000000686,
    12.46341600000278,
    13.119499999998396,
    12.185417000001308,
    16.498957999999675,
    14.787584000000464,
    14.625791000000277,
    16.113499999999448,
    17.02366600000005,
    14.799417000002535,
    23.346666999998433,
    16.107417000000623,
    27.903750000000116,
    14.817250000000115,
    19.926250000001033,
    27.130792000001236,
    21.00691600000104,
    22.84233399999991,
    12.57154199999988,
    19.408166999998144,
    23.484124999999523,
    17.86945899999992,
    21.864416999999747,
    17.07066700000226,
    19.644875000000894,
    20.20016599999863,
    48.32050000000265,
    47.580249999999324,
    39.17599999999766,
    18.046874999999574,
    13.67962500000175,
    16.96850000000083,
    16.214624999999927,
    17.190083999999217,
    15.979250000000889,
    12.47287499999672,
    15.47029199999983,
    33.504083000000406,
    17.55825000000044,
    25.758332999998856,
    25.46195800000106,
    25.693457999999225,
    17.439625000001513,
    15.412583999999896,
    20.65116700000047,
    17.89020800000074,
    18.466625000002068,
    18.62158400000169,
    12.786542000000622,
    15.614124999999035,
    25.703332999999162
  ]
}