{
  "N": 5000,
  "avg_latency_ms": 23.586111340000215,
  "std_latency_ms": 9.413703095525381,
  "min_latency_ms": 12.676791999993497,
  "max_latency_ms": 54.645416999999696,
  "median_latency_ms": 20.541666500001554,
  "embedding_precompute_time_s": 1.4883809089660645,
  "total_queries_tested": 150,
  "raw_latencies_ms": [
    35.77020799999886,
    53.87825000000035,
    16.486916999998158,
    21.48575000000008,
    17.386750000000006,
    17.992582999998064,
    15.700667000000834,
    22.192624999998856,
    27.06658399999995,
    17.9335000000016,
    22.53241700000075,
    23.930290999999215,
    34.378083000000004,
    30.360458000000534,
    54.645416999999696,
    24.606333000001257,
    17.92695900000041,
    20.238083000002405,
    13.953166999996824,
    13.379000000000474,
    16.717958000000976,
    22.064249999999674,
    14.487625000001003,
    21.2368749999996,
    17.17645800000156,
    18.053416000000766,
    20.474624999998525,
    13.736999999999,
    24.974542000002486,
    26.881916000000672,
    19.27208400000069,
    23.054707999996538,
    21.364874999996175,
    18.13504100000074,
    15.290291999995986,
    41.5045840000019,
    40.23345799999589,
    37.625040999998305,
    30.33179100000183,
    20.585207999999966,
    16.756083000004196,
    12.676791999993497,
    20.095292000000597,
    16.50012500000031,
    17.686666999999545,
    14.781792000000848,
    26.287166000003026,
    23.67079199999722,
    34.846749999999815,
    22.694209000000853,
    40.71995800000394,
    47.71037500000119,
    53.54675000000242,
    16.831457999998634,
    20.704333000004738,
    14.558834000006016,
    16.960083000000736,
    16.933792000003223,
    19.272291999996582,
    38.52824999999882,
    35.96420799999578,
    49.546874999997215,
    27.885042000001192,
    44.28750000000292,
    38.421833000001016,
    47.129333999997414,
    48.269208000000674,
    36.266916999998955,
    29.213874999996392,
    13.292124999999544,
    18.203417000002275,
    15.832291999998915,
    16.323541000005548,
    31.406000000004042,
    25.785458000001427,
    41.8267080000021,
    32.87429200000247,
    33.02266600000081,
    16.82179200000178,
    33.15604099999803,
    17.1320000000037,
    25.63570800000292,
    29.115375000003496,
    13.720167000002448,
    15.735332999994966,
    16.302791999997623,
    15.321750000005352,
    19.746083000001136,
    15.130458999998098,
    16.10908299999636,
    16.967957999995065,
    20.064542000000074,
    17.299540999999863,
    20.210374999997782,
    17.61608300000006,
    22.77970800000162,
    14.138917000003914,
    25.051040999997554,
    19.060332999998764,
    17.045124999995664,
    16.67579200000091,
    16.83775000000054,
    17.247707999999307,
    17.418667000001165,
    13.239167000001828,
    16.288582999997914,
    13.1921669999997,
    16.279040999997108,
    28.745749999998793,
    29.15462499999677,
    15.280375000003232,
    36.71416600000299,
    23.01408399999616,
    24.377333000003887,
    21.190750000002367,
    20.161667000003547,
    34.23374999999851,
    14.068917000003012,
    12.68308400000251,
    15.906916999995246,
    15.87145799999945,
    16.287749999996493,
    19.562084000000368,
    22.69633299999896,
    15.799999999998704,
    17.07220799999476,
    17.926000000002773,
    18.30441700000307,
    16.571333000001687,
    25.637125000002925,
    21.44641600000341,
    20.853999999999928,
    31.354290999999535,
    17.333958000001815,
    24.88654199999729,
    26.57579099999907,
    28.249207999998305,
    20.471084000000417,
    21.107000000000653,
    20.498125000003142,
    23.231000000002666,
    26.056666000002338,
    22.879958000004308,
    18.406415999997705,
    25.373666999996658,
    39.18358300000335,
    26.735833000003595,
    21.416500000000838,
    23.855208000000516,
    23.04337500000031
  ]
}