{
  "N": 50,
  "avg_latency_ms": 16.31642111999999,
  "std_latency_ms": 5.155021336406807,
  "min_latency_ms": 8.505916999997254,
  "max_latency_ms": 40.33529100000166,
  "median_latency_ms": 15.53112499999898,
  "embedding_precompute_time_s": 0.11108112335205078,
  "total_queries_tested": 150,
  "raw_latencies_ms": [
    12.866500000001224,
    19.287125000001737,
    22.084458999998446,
    15.010084000000035,
    23.409208000000348,
    17.77179200000134,
    17.176666999997536,
    12.61162500000168,
    12.432292000003287,
    11.66029200000196,
    10.523041999999094,
    22.3013750000014,
    15.53437499999788,
    16.982000000002273,
    26.40466599999769,
    13.471332999998253,
    15.627791000000002,
    12.400624999997945,
    17.718791000000067,
    13.42095799999754,
    11.06404099999736,
    17.301707999997973,
    18.329624999999794,
    23.54937500000176,
    37.39950000000292,
    25.457709000001216,
    30.28079099999914,
    18.985083999996988,
    11.687957999999554,
    15.747124999997197,
    13.496958000001058,
    15.74716699999712,
    17.195875000002303,
    15.571209000000863,
    13.518124999997383,
    12.766625000001142,
    16.716625000000818,
    12.638333000001722,
    16.80412500000017,
    14.467582999998285,
    16.42775000000185,
    19.76099999999903,
    14.579499999999967,
    14.534457999999972,
    11.143416999999545,
    16.38208299999988,
    16.363124999998035,
    15.297666999998683,
    11.01124999999925,
    15.38445899999985,
    14.143959000001871,
    13.097832999999781,
    13.322875000000067,
    16.759707999998597,
    11.292541999999628,
    12.990625000000477,
    15.673916000000787,
    11.863542000000393,
    17.933125000002548,
    14.19404199999974,
    9.825750000000966,
    20.573917000000108,
    12.092542000001316,
    11.410500000000212,
    15.446874999998528,
    15.167791999999736,
    9.762625000000469,
    13.49429200000074,
    11.230624999999606,
    14.288790999998469,
    13.010291000000507,
    16.459249999996928,
    11.842458000000278,
    13.406375000002413,
    16.527999999997434,
    12.130207999998532,
    16.038667000000117,
    10.641582999998178,
    16.350499999997936,
    12.316916999999705,
    13.001249999998521,
    12.644542000000314,
    16.595709000000625,
    18.778124999997203,
    17.07345800000226,
    10.855833000000814,
    16.644291999998728,
    13.89404200000044,
    10.852666999998206,
    18.116082999998895,
    16.18991600000186,
    16.54279200000275,
    12.634457999997295,
    13.167917000000529,
    12.398708999999286,
    15.52787500000008,
    16.3435000000014,
    12.62483300000028,
    11.046042000000256,
    13.638291999999552,
    8.505916999997254,
    20.502458000002832,
    18.72554199999854,
    28.3935409999998,
    18.497332999999117,
    26.96466700000144,
    23.352374999998204,
    18.38441599999996,
    10.974541999999587,
    18.32541699999979,
    24.370583000003165,
    21.65079200000264,
    16.13449999999972,
    32.08987500000049,
    21.039749999999913,
    16.236624999997673,
    20.32674999999884,
    40.33529100000166,
    13.877458999999703,
    11.2632500000025,
    16.595000000002358,
    12.981708000001646,
    13.975249999997885,
    18.909958000001836,
    25.88920799999883,
    28.179167000001115,
    11.695334000002333,
    11.685291000002707,
    17.82645899999835,
    12.452833000001107,
    12.704042000002858,
    12.329375000000198,
    23.118332999999325,
    16.29325000000037,
    21.499542000000815,
    24.231791999998364,
    15.570207999999752,
    11.031708000000862,
    16.94420900000182,
    13.902790999999581,
    18.598875000002124,
    18.97974999999974,
    13.020749999999026,
    20.032832999998362,
    23.405957999997895,
    12.585084000001245,
    12.786208000001409,
    14.926499999997844,
    15.113791999997517,
    10.081167000002722
  ]
}