{
  "N": 1000,
  "avg_latency_ms": 19.776075580000025,
  "std_latency_ms": 9.497765096463052,
  "min_latency_ms": 9.16520799999887,
  "max_latency_ms": 57.53395799999694,
  "median_latency_ms": 16.268625499998635,
  "embedding_precompute_time_s": 0.6393749713897705,
  "total_queries_tested": 150,
  "raw_latencies_ms": [
    20.450708999998568,
    57.53395799999694,
    34.46591699999857,
    44.67479099999849,
    13.984374999999716,
    14.648459000000003,
    16.602792000000477,
    15.988583000002166,
    13.731625000001912,
    11.682208999999943,
    25.744291999998836,
    34.99116600000107,
    57.24320799999916,
    52.094208999999836,
    39.555249999999376,
    32.57841599999978,
    13.327374999999364,
    14.957750000000658,
    14.307584000000872,
    14.541540999999825,
    14.084832999998298,
    15.128332999999827,
    14.896666000002057,
    13.048042000001203,
    16.17354200000065,
    23.533749999998577,
    15.088167000001818,
    15.090915999998344,
    21.8867920000001,
    17.864833000000857,
    17.117457999997754,
    13.196416999999627,
    20.095917000002572,
    20.66495799999757,
    45.678291999998066,
    24.4187920000023,
    14.261791999999218,
    15.492667000000182,
    15.722792000001817,
    15.800875000000048,
    13.00200000000018,
    16.025667000000965,
    13.546791999999641,
    12.896708999999618,
    14.646458000001417,
    15.682625000000172,
    17.546082999999157,
    14.67454199999807,
    13.258208999999965,
    17.103083000002073,
    15.011209000000747,
    15.848083000001623,
    15.728415999998191,
    20.26083399999834,
    16.11891700000001,
    10.256167000001426,
    12.985458999999366,
    10.332959000002973,
    11.205333999999567,
    10.066499999997092,
    9.16520799999887,
    17.064042000001223,
    15.53037499999732,
    12.305000000001343,
    19.33537500000071,
    15.66479199999904,
    14.654624999998589,
    14.770708000000354,
    14.037708000000038,
    15.619334000000151,
    11.146332999999231,
    15.000415999999461,
    12.626709000002734,
    15.752333999998314,
    15.901916000000682,
    41.69041699999809,
    55.91795800000199,
    16.814249999999475,
    20.455249999997704,
    17.105957999998367,
    16.979458000001557,
    14.03612500000051,
    10.697083000000163,
    12.884583000001726,
    27.813625000000286,
    17.29554200000294,
    25.130332999999894,
    17.911042000001487,
    15.356374999999645,
    17.59079099999994,
    21.50841599999964,
    31.53645800000149,
    22.68858299999721,
    24.3855410000009,
    26.099333000001224,
    17.58608400000128,
    32.445625000001144,
    39.343500000001086,
    34.86991599999811,
    32.93783299999831,
    22.359624999999994,
    16.48912499999966,
    19.333749999997707,
    19.07445799999863,
    21.322915999999026,
    17.60154199999775,
    27.694916000001513,
    28.89654100000172,
    21.979749999999854,
    18.413541000001032,
    19.850458000000515,
    18.220958000000564,
    44.216457999997516,
    24.34087500000004,
    19.948917000000677,
    13.743209000001144,
    11.662208000000618,
    12.917542000000282,
    15.3102909999987,
    16.115041999999136,
    12.422583999999404,
    15.54370899999924,
    14.471792000001926,
    10.93016700000149,
    19.618499999999983,
    20.606792000002372,
    19.557291999998228,
    17.174791000002188,
    11.283542000001034,
    13.538957999998047,
    16.322208999998367,
    10.848625000001277,
    16.708459000000175,
    23.653458999998378,
    15.181250000001256,
    14.139875000001467,
    16.617750000001763,
    16.215041999998903,
    15.144375000001986,
    23.52249999999856,
    15.42966699999937,
    17.790167000001134,
    16.134125000000665,
    16.329667000000825,
    18.056500000000142,
    16.09979199999856,
    15.069125000000128,
    19.345707999999462,
    28.635459000000196,
    42.32629100000196
  ]
}