{
  "experiment_info": {
    "type": "reward_driven_learning_test",
    "interactions": 50,
    "agents": [
      "safety_assessment_agent",
      "economic_agent",
      "weather_agent",
      "flight_info_agent",
      "integration_agent"
    ],
    "timestamp": "2025-07-08_14:21:08",
    "learning_rate": 0.001,
    "reward_decay": 0.95
  },
  "competence_evolution": {
    "safety_assessment_agent": [
      0.4997490802376947,
      0.49978969479513874,
      0.49995667537083205,
      0.5001168290421718,
      0.5003689890786011,
      0.500442062797183,
      0.5005254314549681,
      0.5004035682127651,
      0.5006376192741843,
      0.5007431314302994,
      0.5008100847615121,
      0.5008909340980131,
      0.5010961905774144,
      0.501256165267321,
      0.501340133624405,
      0.5014125599525032,
      0.5016407021088473,
      0.5016889637097661,
      0.5018177196632573,
      0.5019263366638421,
      0.5021150584538692,
      0.5025324981199523,
      0.502787789800022,
      0.5029683497250198,
      0.5032138376393207,
      0.5032460609393858,
      0.5032261688040576,
      0.503246110509114,
      0.5033043616095236,
      0.5034972269923577,
      0.503737717748457,
      0.5038699433055444,
      0.5039415217116692,
      0.5039463130000479,
      0.5041886860853643,
      0.5044462449374743,
      0.5045054867060027,
      0.5045580098502978,
      0.5047016880517078,
      0.5050038693996557,
      0.5051825789391536,
      0.5052884461076093,
      0.5054160543791723,
      0.5054056555162763,
      0.505655224781137,
      0.5057586798167014,
      0.5057616604941151,
      0.50587764705496,
      0.5059702021836913,
      0.5061778858181184
    ],
    "economic_agent": [
      0.5007429211803754,
      0.5009809348561127,
      0.5012587236412549,
      0.5014169736416926,
      0.5015169325553578,
      0.5016086166398226,
      0.5014817579821637,
      0.5016394313784849,
      0.5018051808007068,
      0.5019143322095455,
      0.5019508836725662,
      0.5022339477366746,
      0.5023745174564225,
      0.5023323424141655,
      0.5024673344413192,
      0.5025545105723098,
      0.5027209586973853,
      0.5028186325227834,
      0.5029737230140996,
      0.5030966266999968,
      0.5031539484632229,
      0.5033675801421253,
      0.5036350205316437,
      0.5039055530838166,
      0.5039758944875582,
      0.50419040441479,
      0.5044794585453484,
      0.5046845804756206,
      0.5048801716642219,
      0.5048797611303681,
      0.505077161563606,
      0.5051819839571381,
      0.5052725327150469,
      0.5054626834372615,
      0.5057377103718846,
      0.5061152630520002,
      0.5060910169037262,
      0.5063365252116866,
      0.5065345479461109,
      0.5067757793311881,
      0.5069199528618867,
      0.507122263290853,
      0.5072597227913137,
      0.5072734078779861,
      0.5074811873451798,
      0.5075092540061173,
      0.5077120665190378,
      0.5079783781351452,
      0.5080260907443702,
      0.5081675950330277
    ],
    "weather_agent": [
      0.4995304047353635,
      0.49969970935359936,
      0.49975210018270966,
      0.5001043280940854,
      0.5001879922662724,
      0.5001615549467872,
      0.5003265938313165,
      0.5003907441543973,
      0.500546120927578,
      0.5005821722379098,
      0.5007325664597396,
      0.5007195856030968,
      0.5007435332266912,
      0.5008874295775869,
      0.5011321283588203,
      0.5013139809577559,
      0.501397098595203,
      0.5013785283033159,
      0.5015880564174674,
      0.5016975035237072,
      0.5018037721709697,
      0.5020220755406867,
      0.5020994365745263,
      0.5022000703799815,
      0.5022896768380151,
      0.50237872678227,
      0.5023606277719805,
      0.5022556651914559,
      0.5023671461900903,
      0.502345247068033,
      0.5023864952827337,
      0.5025198693297236,
      0.502461011169541,
      0.5027676428464904,
      0.5030284281151285,
      0.5031077055995073,
      0.5032236775945208,
      0.5032580189938723,
      0.5031592322405709,
      0.5031493866145104,
      0.5033850544390631,
      0.5034861179610027,
      0.5034024873375031,
      0.5035169996321706,
      0.5037581960767193,
      0.5037583245663166,
      0.5037085682540436,
      0.5037520022979566,
      0.5040076176859538,
      0.5039523976488021
    ],
    "flight_info_agent": [
      0.49986770329847596,
      0.4999491237586727,
      0.5000285606631563,
      0.5000741063740733,
      0.5002045107572538,
      0.5003792779479281,
      0.5004411657485135,
      0.5005386472779824,
      0.5004466710322961,
      0.5006671504847566,
      0.5008249356099621,
      0.5009198365785824,
      0.5009693314135181,
      0.5010766886880219,
      0.5011105128869646,
      0.5011683498818029,
      0.5012967188616029,
      0.5014501543295012,
      0.5015912616446179,
      0.5016156131715831,
      0.5015355109076763,
      0.5015082715377654,
      0.5017505472133335,
      0.5018010200587752,
      0.5018849532814659,
      0.5020737636348805,
      0.5021364579028247,
      0.5023029155536505,
      0.5023729467333624,
      0.5024095753946747,
      0.5026987550851959,
      0.5028942018280387,
      0.5031008285716433,
      0.5030755481923525,
      0.5031007237110078,
      0.5031905825185281,
      0.5032484730386215,
      0.503411823475225,
      0.5035566426095344,
      0.5037751132985051,
      0.5038141597911804,
      0.5039301763931145,
      0.5041391684927459,
      0.5041893178924127,
      0.5042214791066574,
      0.5044398561851635,
      0.5043309794214277,
      0.5045851353496987,
      0.504637766580873,
      0.5047265976001829
    ],
    "integration_agent": [
      0.4991126065513637,
      0.49929686853336863,
      0.4994368684368518,
      0.49935990924429946,
      0.4993419392594634,
      0.499407365440597,
      0.49957369877181823,
      0.4996776684557835,
      0.49974527117240014,
      0.49976556022777846,
      0.5000150174245603,
      0.5000668495267605,
      0.5002278490351124,
      0.5002712032206644,
      0.5001957642513659,
      0.5000674107493027,
      0.5001694238264147,
      0.5003077882188799,
      0.5005163240195712,
      0.5005762003023865,
      0.5006137034944155,
      0.5007111637424644,
      0.5006618368097964,
      0.5007570979461815,
      0.500846464576633,
      0.5008964292774895,
      0.5009572765081043,
      0.5011746542070339,
      0.5012732864268143,
      0.5013081932090141,
      0.5012055729974275,
      0.5011362152757115,
      0.5012537712775308,
      0.5012343257586983,
      0.5012679445581297,
      0.501341563831961,
      0.5015629306335047,
      0.5017281128274229,
      0.5018054089016682,
      0.5020116656520092,
      0.5021577775020946,
      0.5020420715864293,
      0.502247613424485,
      0.5023345106708526,
      0.502182816470992,
      0.5023415725766945,
      0.5024420878523408,
      0.5024981298730415,
      0.5026366601535605,
      0.5026974162806964
    ]
  },