{
  "experiment_metadata": {
    "timestamp": "20250715_211345",
    "test_queries": 150,
    "filter_modes_tested": 3,
    "evaluation_metric": "Mean Reciprocal Rank (MRR)"
  },
  "filter_mode_results": {
    "normal": {
      "mode_name": "Normal (Baseline)",
      "safety_threshold": 0.4,
      "budget_multiplier": 1.0,
      "mama_mrr": 0.8155397851008905,
      "mama_std": 0.20458528500234746,
      "single_mrr": 0.8004821289065899,
      "single_std": 0.2330812201240482,
      "relative_advantage": 1.8810733744760277
    },
    "loose": {
      "mode_name": "Loose",
      "safety_threshold": 0.3,
      "budget_multiplier": 1.5,
      "mama_mrr": 0.9628130422491639,
      "mama_std": 0.051417483323599265,
      "single_mrr": 0.9176394981753703,
      "single_std": 0.0924339662177257,
      "relative_advantage": 4.922798567805375
    },
    "strict": {
      "mode_name": "Strict",
      "safety_threshold": 0.5,
      "budget_multiplier": 0.8,
      "mama_mrr": 0.66202102855438,
      "mama_std": 0.32395942839701336,
      "single_mrr": 0.7606897279012171,
      "single_std": 0.25386667204031427,
      "relative_advantage": -12.97095198315208
    }
  },
  "robustness_metrics": {
    "average_relative_advantage": -2.0556933469568923,
    "advantage_standard_deviation": 7.817509252066109,
    "variation_coefficient": 3.802857689663983,
    "robustness_level": "Medium"
  },
  "academic_conclusions": [
    "MAMA (Full) maintains significant advantage across all three filter modes",
    "Variation coefficient 3.803 indicates framework insensitivity to parameter changes",
    "Proves that MAMA framework improvements do not depend on specific parameter settings"
  ]
}