{
  "N": 5000,
  "avg_latency_ms": 0.04277443333355298,
  "std_latency_ms": 0.008014874646078037,
  "min_latency_ms": 0.03654199999658658,
  "max_latency_ms": 0.09762500000221053,
  "median_latency_ms": 0.04112500000275077,
  "total_queries_tested": 150,
  "raw_latencies_ms": [
    0.0696660000016891,
    0.04662499999597003,
    0.043459000004020254,
    0.04295800000164718,
    0.04083299999990686,
    0.04129199999880484,
    0.042334000006860606,
    0.042167000003701105,
    0.04237499999959482,
    0.04066599999674736,
    0.04054200000069841,
    0.09320799999557039,
    0.06733400000058509,
    0.053791000006242484,
    0.04712500000181308,
    0.04470899999375888,
    0.04391600000275275,
    0.043542000000229564,
    0.04279200000212313,
    0.042332999996119725,
    0.04262499999896363,
    0.039624999999432475,
    0.04158399999454332,
    0.044166000002121564,
    0.042000000000541604,
    0.04166600000132803,
    0.041749999994067366,
    0.04175000000117279,
    0.04216600000006565,
    0.04145799999832889,
    0.04141700000559467,
    0.0458749999978636,
    0.04262499999896363,
    0.04150000000180398,
    0.04162500000148839,
    0.0412089999954901,
    0.04125000000243517,
    0.041458000005434315,
    0.040957999999591266,
    0.0392910000002189,
    0.042749999998648036,
    0.04183300000448753,
    0.04062499999690772,
    0.04137500000211958,
    0.03999999999848569,
    0.042000000000541604,
    0.04120900000259553,
    0.04116600000259041,
    0.041291000002274814,
    0.04083299999990686,
    0.04079100000353719,
    0.04083399999643689,
    0.04095900000322672,
    0.040875000003381956,
    0.04079200000006722,
    0.040875000003381956,
    0.040790999996431765,
    0.041166999999120435,
    0.040667000000382814,
    0.03974999999911688,
    0.03995800000211602,
    0.04258300000259396,
    0.04166600000132803,
    0.04112500000275077,
    0.04112500000275077,
    0.041541000001643624,
    0.0412089999954901,
    0.04137499999501415,
    0.04150000000180398,
    0.04125000000243517,
    0.04116600000259041,
    0.041249999995329745,
    0.04170900000133315,
    0.04108299999927567,
    0.040999999995960934,
    0.04125000000243517,
    0.040790999996431765,
    0.041207999998960076,
    0.04058300000053805,
    0.040667000000382814,
    0.041458000005434315,
    0.04020899999801486,
    0.049083000000393895,
    0.040082999994695,
    0.04137500000211958,
    0.0410830000063811,
    0.040667000000382814,
    0.04083299999990686,
    0.04045899999738367,
    0.04079100000353719,
    0.040999999995960934,
    0.0418750000008572,
    0.041416999998489246,
    0.04125000000243517,
    0.040916999999751624,
    0.041166999999120435,
    0.04079100000353719,
    0.04116600000259041,
    0.04074999999659212,
    0.04100000000306636,
    0.03954199999611774,
    0.03654199999658658,
    0.036999999998954536,
    0.03683399999943049,
    0.0370839999987993,
    0.04075000000369755,
    0.03941700000353876,
    0.04104199999943603,
    0.040540999997062954,
    0.04112499999564534,
    0.040625000004013145,
    0.04087499999627653,
    0.040790999996431765,
    0.04058299999343262,
    0.03949999999974807,
    0.04079100000353719,
    0.040417000001014,
    0.04120900000259553,
    0.040790999996431765,
    0.04070900000385791,
    0.04075000000369755,
    0.040790999996431765,
    0.04395799999912242,
    0.040957999999591266,
    0.04045899999738367,
    0.04141600000195922,
    0.08737499999966758,
    0.09762500000221053,
    0.04254200000275432,
    0.04162499999438296,
    0.04100000000306636,
    0.04108299999927567,
    0.04112500000275077,
    0.041458999994858914,
    0.04075000000369755,
    0.04104199999943603,
    0.04125000000243517,
    0.04104200000654146,
    0.040916999999751624,
    0.04104199999943603,
    0.04104199999943603,
    0.041084000002911125,
    0.04083299999990686,
    0.04079200000006722,
    0.04075000000369755,
    0.04112499999564534,
    0.04079200000006722,
    0.04137500000211958,
    0.04079200000006722,
    0.043542000000229564
  ]
}