{
  "N": 1000,
  "avg_latency_ms": 0.042686059999634075,
  "std_latency_ms": 0.006424902203223968,
  "min_latency_ms": 0.04000000000559112,
  "max_latency_ms": 0.10420899999985522,
  "median_latency_ms": 0.04162500000148839,
  "total_queries_tested": 150,
  "raw_latencies_ms": [
    0.06049999999646616,
    0.04566599999833443,
    0.043165999997540894,
    0.04312499999770125,
    0.04216699999659568,
    0.04212500000022601,
    0.04195900000070196,
    0.04204199999691127,
    0.04170900000133315,
    0.04208400000038637,
    0.04145799999832889,
    0.04137500000211958,
    0.041791000001012435,
    0.041458999994858914,
    0.041791000001012435,
    0.04212500000022601,
    0.04158299999801329,
    0.041416999998489246,
    0.0418750000008572,
    0.04137499999501415,
    0.04158399999454332,
    0.0417079999976977,
    0.0417079999976977,
    0.041291000002274814,
    0.0417079999976977,
    0.04045799999374822,
    0.04433400000181109,
    0.04374999999612328,
    0.04191699999722687,
    0.041666999997858056,
    0.04162500000148839,
    0.04337499999707006,
    0.042249999999910415,
    0.041541000001643624,
    0.04133299999864448,
    0.04150000000180398,
    0.04179199999754246,
    0.0417079999976977,
    0.04162500000148839,
    0.04150000000180398,
    0.04158299999801329,
    0.0417079999976977,
    0.0418329999973821,
    0.04170900000133315,
    0.041458999994858914,
    0.04145900000196434,
    0.04154199999817365,
    0.04104199999943603,
    0.04179199999754246,
    0.04154199999817365,
    0.04158299999801329,
    0.04162500000148839,
    0.04170900000133315,
    0.04162500000148839,
    0.041416999998489246,
    0.041666999997858056,
    0.0415409999945382,
    0.04158299999801329,
    0.041791000001012435,
    0.04150000000180398,
    0.041499999994698555,
    0.04475000000070395,
    0.04183400000101756,
    0.04175000000117279,
    0.04154199999817365,
    0.04141700000559467,
    0.0417079999976977,
    0.041958000004171936,
    0.04175000000117279,
    0.04133299999864448,
    0.04125000000243517,
    0.04133299999864448,
    0.041708000004803125,
    0.04129199999880484,
    0.04100000000306636,
    0.04145799999832889,
    0.041041000002906,
    0.04162500000148839,
    0.04370799999975361,
    0.04391700000638821,
    0.04137499999501415,
    0.04158400000164875,
    0.04141599999485379,
    0.04133300000574991,
    0.04133300000574991,
    0.04112500000275077,
    0.041334000002279936,
    0.04175000000117279,
    0.041541000001643624,
    0.040999999995960934,
    0.04349999999675447,
    0.043583000000069205,
    0.04183400000101756,
    0.0417079999976977,
    0.04158299999801329,
    0.04158300000511872,
    0.041541000001643624,
    0.04162500000148839,
    0.04162500000148839,
    0.04033300000116924,
    0.04395799999912242,
    0.043791999999598374,
    0.04141600000195922,
    0.04412500000228192,
    0.04104199999943603,
    0.041499999994698555,
    0.043665999996278515,
    0.041207999998960076,
    0.04166600000132803,
    0.04175000000117279,
    0.04391600000275275,
    0.04016700000164519,
    0.04000000000559112,
    0.040208000001484834,
    0.040082999994695,
    0.041334000002279936,
    0.04145799999832889,
    0.04154199999817365,
    0.04175000000117279,
    0.04137499999501415,
    0.04383300000654344,
    0.04329200000086075,
    0.04162499999438296,
    0.04279099999848768,
    0.042041000000381246,
    0.0418329999973821,
    0.04158299999801329,
    0.041458000005434315,
    0.041207999998960076,
    0.04116599999548498,
    0.04162500000148839,
    0.041334000002279936,
    0.04137500000211958,
    0.04387500000291311,
    0.04404200000607261,
    0.04145799999832889,
    0.041290999995169386,
    0.04129199999880484,
    0.04145799999832889,
    0.08587499999634929,
    0.10420899999985522,
    0.04270800000227837,
    0.04208399999328094,
    0.041749999994067366,
    0.04158300000511872,
    0.04191699999722687,
    0.041416999998489246,
    0.042000000000541604,
    0.04195799999706651,
    0.04141600000195922
  ]
}