{
  "N": 500,
  "avg_latency_ms": 0.043253566666739594,
  "std_latency_ms": 0.008226347322854996,
  "min_latency_ms": 0.03804099999626942,
  "max_latency_ms": 0.13979100000227618,
  "median_latency_ms": 0.04229200000338551,
  "total_queries_tested": 150,
  "raw_latencies_ms": [
    0.060500000003571586,
    0.04704199999849834,
    0.04449999999422971,
    0.04387500000291311,
    0.04479199999707362,
    0.04608300000086274,
    0.043041999994386515,
    0.041541000001643624,
    0.04195900000070196,
    0.04241599999943446,
    0.043583000000069205,
    0.04404100000243716,
    0.04079200000006722,
    0.03837500000258842,
    0.038374999995482995,
    0.04266599999880327,
    0.04125000000243517,
    0.05270900000198253,
    0.043250000004491085,
    0.04279200000212313,
    0.04279099999848768,
    0.04229199999628008,
    0.04220799999643532,
    0.042499999999279225,
    0.042000000000541604,
    0.04258300000259396,
    0.04208400000038637,
    0.041041000002906,
    0.040999999995960934,
    0.04112499999564534,
    0.04075000000369755,
    0.04387500000291311,
    0.04287500000543787,
    0.04245799999580413,
    0.04258300000259396,
    0.042749999998648036,
    0.04229200000338551,
    0.04254200000275432,
    0.041958000004171936,
    0.04258300000259396,
    0.04262499999896363,
    0.042249999999910415,
    0.04233399999975518,
    0.04220800000354075,
    0.042249999999910415,
    0.04245799999580413,
    0.042582999995488535,
    0.042249999999910415,
    0.042167000003701105,
    0.04216699999659568,
    0.04112500000275077,
    0.04074999999659212,
    0.04125000000243517,
    0.04100000000306636,
    0.04091700000685705,
    0.04095899999612129,
    0.04054200000069841,
    0.041499999994698555,
    0.04233399999975518,
    0.042499999999279225,
    0.042249999999910415,
    0.04337500000417549,
    0.042832999994857346,
    0.042582999995488535,
    0.04254099999911887,
    0.042749999998648036,
    0.042000000000541604,
    0.042082999996750914,
    0.04212500000022601,
    0.042667000002438726,
    0.04241699999596449,
    0.042000000000541604,
    0.042290999999750056,
    0.04229200000338551,
    0.04220900000007077,
    0.04220799999643532,
    0.04108299999927567,
    0.04304200000149194,
    0.04229200000338551,
    0.04245799999580413,
    0.042167000003701105,
    0.042000000000541604,
    0.042167000003701105,
    0.042290999999750056,
    0.04245799999580413,
    0.04470800000433428,
    0.042000000000541604,
    0.04237499999959482,
    0.04212500000022601,
    0.04220799999643532,
    0.04229199999628008,
    0.04291699999470211,
    0.04258399999912399,
    0.04195799999706651,
    0.04237499999959482,
    0.04216600000006565,
    0.04199999999343618,
    0.04254200000275432,
    0.042249999999910415,
    0.042249999999910415,
    0.04291600000527751,
    0.04087499999627653,
    0.03887500000132604,
    0.03804099999626942,
    0.044291999998335996,
    0.04237499999959482,
    0.04208300000385634,
    0.042290999999750056,
    0.0418329999973821,
    0.04245800000290956,
    0.04191699999722687,
    0.042249999999910415,
    0.04220799999643532,
    0.042167000003701105,
    0.04254200000275432,
    0.04250000000638465,
    0.042167000003701105,
    0.04262499999896363,
    0.04241599999943446,
    0.04270800000227837,
    0.04283300000196277,
    0.04283300000196277,
    0.042417000003069916,
    0.042167000003701105,
    0.04254099999911887,
    0.04262499999896363,
    0.04237499999959482,
    0.042499999999279225,
    0.04212499999312058,
    0.04370799999975361,
    0.13979100000227618,
    0.05387499999898182,
    0.04570800000180952,
    0.0436250000035443,
    0.04337499999707006,
    0.04270800000227837,
    0.04299999999801685,
    0.04312499999770125,
    0.04679199999912953,
    0.04183300000448753,
    0.04195799999706651,
    0.042041000000381246,
    0.0418750000008572,
    0.04183300000448753,
    0.042000000000541604,
    0.04137500000211958,
    0.043542000000229564,
    0.04154199999817365,
    0.04137500000211958,
    0.04162500000148839
  ]
}