{
  "N": 10,
  "avg_latency_ms": 0.04802442666672846,
  "std_latency_ms": 0.04608934334257019,
  "min_latency_ms": 0.04025000000495993,
  "max_latency_ms": 0.593582999997011,
  "median_latency_ms": 0.042270499999830236,
  "total_queries_tested": 150,
  "raw_latencies_ms": [
    0.593582999997011,
    0.06099999999520378,
    0.0499999999945544,
    0.045958000001178334,
    0.0445840000011799,
    0.04391699999928278,
    0.04333299999359497,
    0.04312499999770125,
    0.042499999999279225,
    0.04237499999959482,
    0.04266599999880327,
    0.04379100000306835,
    0.04312499999770125,
    0.042499999999279225,
    0.04270800000227837,
    0.04245799999580413,
    0.041667000004963484,
    0.04208400000038637,
    0.042667000002438726,
    0.042249999999910415,
    0.04208400000038637,
    0.04150000000180398,
    0.042958999998177205,
    0.04395799999912242,
    0.042249999999910415,
    0.04283300000196277,
    0.04370799999975361,
    0.042749999998648036,
    0.04475000000070395,
    0.04299999999801685,
    0.04416699999865159,
    0.0452080000030719,
    0.04299999999801685,
    0.042749999998648036,
    0.04262499999896363,
    0.04312500000480668,
    0.0428339999984928,
    0.04262499999896363,
    0.04266599999880327,
    0.04145900000196434,
    0.04387500000291311,
    0.04162499999438296,
    0.04262499999896363,
    0.042749999998648036,
    0.042249999999910415,
    0.04137499999501415,
    0.04154199999817365,
    0.042499999999279225,
    0.04287499999833244,
    0.04291699999470211,
    0.04170900000133315,
    0.043083000001331584,
    0.04179199999754246,
    0.04270799999517294,
    0.0410839999958057,
    0.0453750000062314,
    0.04150000000180398,
    0.042000000000541604,
    0.0428339999984928,
    0.04299999999801685,
    0.04395799999912242,
    0.047417000004656984,
    0.042499999999279225,
    0.04208400000038637,
    0.04125000000243517,
    0.042749999998648036,
    0.04379100000306835,
    0.10612500000206637,
    0.11337500000507816,
    0.13616700000085302,
    0.06725000000074033,
    0.05395800000229656,
    0.04712500000181308,
    0.045958000001178334,
    0.044666000000859185,
    0.043791999999598374,
    0.04270800000227837,
    0.04320800000101599,
    0.043333000000700395,
    0.04283300000196277,
    0.042749999998648036,
    0.042290999999750056,
    0.041334000002279936,
    0.04137500000211958,
    0.04112500000275077,
    0.043832999999438016,
    0.0426660000059087,
    0.04112500000275077,
    0.04179199999754246,
    0.04637499999660122,
    0.042249999999910415,
    0.0567080000024589,
    0.04675000000275986,
    0.042290999999750056,
    0.04379099999596292,
    0.04112500000275077,
    0.040957999999591266,
    0.04125000000243517,
    0.04112500000275077,
    0.04675000000275986,
    0.041166999999120435,
    0.04187499999375177,
    0.041499999994698555,
    0.0412089999954901,
    0.04145799999832889,
    0.04112500000275077,
    0.04137500000211958,
    0.04137500000211958,
    0.04141599999485379,
    0.04108299999927567,
    0.040875000003381956,
    0.04137500000211958,
    0.04133299999864448,
    0.040916999999751624,
    0.041958000004171936,
    0.04433299999817564,
    0.040999999995960934,
    0.04054100000416838,
    0.04087499999627653,
    0.04087499999627653,
    0.040834000003542315,
    0.044041999998967185,
    0.042290999999750056,
    0.042000000000541604,
    0.040957999999591266,
    0.04129199999880484,
    0.040667000000382814,
    0.04050000000432874,
    0.04079200000006722,
    0.040458000000853644,
    0.040625000004013145,
    0.04145900000196434,
    0.040458000000853644,
    0.040916999999751624,
    0.041084000002911125,
    0.040834000003542315,
    0.04175000000117279,
    0.040875000003381956,
    0.04074999999659212,
    0.040667000000382814,
    0.040416999993908576,
    0.04049999999722331,
    0.04050000000432874,
    0.04054200000069841,
    0.04058300000053805,
    0.04041599999737855,
    0.04025000000495993,
    0.04041599999737855,
    0.04054100000416838,
    0.040708000000222455
  ]
}