{
  "N": 100,
  "avg_latency_ms": 0.04302447333354091,
  "std_latency_ms": 0.007604555889547504,
  "min_latency_ms": 0.03587499999468946,
  "max_latency_ms": 0.11945800000034978,
  "median_latency_ms": 0.041188000004410696,
  "total_queries_tested": 150,
  "raw_latencies_ms": [
    0.056292000003566045,
    0.043915999995647326,
    0.041666999997858056,
    0.041458999994858914,
    0.050375000000713044,
    0.043000000005122274,
    0.04062499999690772,
    0.040458000000853644,
    0.04095900000322672,
    0.04141700000559467,
    0.0402920000013296,
    0.04020899999801486,
    0.04062499999690772,
    0.03999999999848569,
    0.040208000001484834,
    0.03870799999816654,
    0.039083000004325186,
    0.03887500000132604,
    0.03920800000400959,
    0.045333999999286334,
    0.03929199999674893,
    0.03933400000022402,
    0.039666999995802144,
    0.04008300000180043,
    0.04016700000164519,
    0.04037499999753891,
    0.04004200000196079,
    0.040083999998330455,
    0.0401249999981701,
    0.04050000000432874,
    0.040208000001484834,
    0.04195799999706651,
    0.04050000000432874,
    0.04004200000196079,
    0.04016700000164519,
    0.0401249999981701,
    0.04000000000559112,
    0.04033300000116924,
    0.04004199999485536,
    0.04016700000164519,
    0.038666000001796874,
    0.040207999994379406,
    0.03925000000037926,
    0.03954199999611774,
    0.040875000003381956,
    0.0402920000013296,
    0.0401249999981701,
    0.04008300000180043,
    0.03991700000227638,
    0.04016599999800974,
    0.03958400000669826,
    0.04033300000116924,
    0.03995800000211602,
    0.039833999998961644,
    0.040166999994539765,
    0.0401249999981701,
    0.04033300000116924,
    0.03991700000227638,
    0.04004100000543076,
    0.03995800000211602,
    0.0402499999978545,
    0.04191699999722687,
    0.046584000003235815,
    0.05108300000244981,
    0.049500000002922206,
    0.04883400000466054,
    0.05149999999787269,
    0.04016599999800974,
    0.04316700000117635,
    0.04720799999802239,
    0.04008300000180043,
    0.045374999999125976,
    0.04504199999644243,
    0.05341699999661387,
    0.04549999999881038,
    0.04583300000149393,
    0.046208000000547145,
    0.04008300000180043,
    0.03974999999911688,
    0.050874999999450665,
    0.04566700000196988,
    0.0524160000026086,
    0.04508399999991752,
    0.043624999996438873,
    0.03654200000369201,
    0.03620900000100846,
    0.0386669999983269,
    0.03587499999468946,
    0.036250000000848104,
    0.03604200000495439,
    0.036332999997057414,
    0.04329200000086075,
    0.04612499999723241,
    0.04016599999800974,
    0.03979199999548655,
    0.040166999994539765,
    0.04050000000432874,
    0.039833999998961644,
    0.04004200000196079,
    0.03995800000211602,
    0.039874999998801286,
    0.040417000001014,
    0.0401249999981701,
    0.0401249999981701,
    0.06412499999441934,
    0.11945800000034978,
    0.06525000000578984,
    0.05091700000292576,
    0.0476250000005507,
    0.046417000000076314,
    0.04470800000433428,
    0.04475000000070395,
    0.04391600000275275,
    0.04341700000054516,
    0.044041999998967185,
    0.04391699999928278,
    0.04400000000259752,
    0.04391600000275275,
    0.0450830000033875,
    0.04312500000480668,
    0.043165999997540894,
    0.04816599999912796,
    0.044333999994705664,
    0.04349999999675447,
    0.043291000004330726,
    0.043333000000700395,
    0.04295800000164718,
    0.04341700000054516,
    0.0426669999953333,
    0.0434580000003848,
    0.045416999995495644,
    0.0428339999984928,
    0.04254200000275432,
    0.04266599999880327,
    0.04237499999959482,
    0.04220800000354075,
    0.042249999999910415,
    0.04254200000275432,
    0.04437500000165073,
    0.04229200000338551,
    0.04175000000117279,
    0.045124999999757165,
    0.04204199999691127,
    0.041958999993596535,
    0.04208300000385634,
    0.04162500000148839,
    0.042000000000541604,
    0.042290999999750056,
    0.04212500000022601,
    0.039415999999903306
  ]
}