{
  "N": 50,
  "avg_latency_ms": 0.04153750000080928,
  "std_latency_ms": 0.007740087322012431,
  "min_latency_ms": 0.0388340000014864,
  "max_latency_ms": 0.1320419999970568,
  "median_latency_ms": 0.0404590000044891,
  "total_queries_tested": 150,
  "raw_latencies_ms": [
    0.060333000000412085,
    0.04579200000165429,
    0.04291599999817208,
    0.04183400000101756,
    0.041334000002279936,
    0.0410830000063811,
    0.04137500000211958,
    0.04079100000353719,
    0.04000000000559112,
    0.04137500000211958,
    0.04066600000385279,
    0.0402920000013296,
    0.04079200000006722,
    0.04054200000069841,
    0.040290999997694144,
    0.0404590000044891,
    0.040625000004013145,
    0.040708000000222455,
    0.04079200000006722,
    0.04049999999722331,
    0.0402499999978545,
    0.04074999999659212,
    0.03916700000416995,
    0.03970800000274721,
    0.04058300000053805,
    0.0404590000044891,
    0.04075000000369755,
    0.04054200000069841,
    0.040375000004644335,
    0.0409160000032216,
    0.04075000000369755,
    0.04237499999959482,
    0.040834000003542315,
    0.04087499999627653,
    0.04029199999422417,
    0.040667000000382814,
    0.04058300000053805,
    0.04049999999722331,
    0.040166000005115166,
    0.03974999999911688,
    0.04050000000432874,
    0.04074999999659212,
    0.040208000001484834,
    0.04016700000164519,
    0.04004099999832533,
    0.0402499999978545,
    0.04029199999422417,
    0.040208000001484834,
    0.040208000001484834,
    0.04054200000069841,
    0.04049999999722331,
    0.04083299999990686,
    0.03975000000622231,
    0.04158299999801329,
    0.0402499999978545,
    0.0404590000044891,
    0.0401249999981701,
    0.040625000004013145,
    0.04033300000116924,
    0.04129199999880484,
    0.04033300000116924,
    0.042708999998808395,
    0.042249999999910415,
    0.040125000005275524,
    0.040375000004644335,
    0.04075000000369755,
    0.04154199999817365,
    0.04058300000053805,
    0.04049999999722331,
    0.040458000000853644,
    0.03916699999706452,
    0.039292000003854355,
    0.04049999999722331,
    0.0401249999981701,
    0.039792000002591976,
    0.04025000000495993,
    0.03995899999864605,
    0.0416659999942226,
    0.03970800000274721,
    0.040417000001014,
    0.04083299999990686,
    0.03979100000606195,
    0.04033300000116924,
    0.04054200000069841,
    0.0402920000013296,
    0.03991700000227638,
    0.03991700000227638,
    0.03949999999974807,
    0.03970800000274721,
    0.04000000000559112,
    0.03999999999848569,
    0.04237499999959482,
    0.040125000005275524,
    0.04016700000164519,
    0.03983300000243162,
    0.04079100000353719,
    0.04004200000196079,
    0.04054200000069841,
    0.041667000004963484,
    0.040290999997694144,
    0.040584000004173504,
    0.1320419999970568,
    0.046208000000547145,
    0.04150000000180398,
    0.04104199999943603,
    0.0388340000014864,
    0.040458000000853644,
    0.04262500000606906,
    0.040625000004013145,
    0.04075000000369755,
    0.04029199999422417,
    0.04045899999738367,
    0.039166000000534495,
    0.04041599999737855,
    0.04162500000148839,
    0.0401249999981701,
    0.0401249999981701,
    0.04058300000053805,
    0.0401249999981701,
    0.04287499999833244,
    0.0402920000013296,
    0.04470900000086431,
    0.04100000000306636,
    0.0404590000044891,
    0.04066599999674736,
    0.04050000000432874,
    0.04037499999753891,
    0.04033300000116924,
    0.040458000000853644,
    0.04075000000369755,
    0.04162500000148839,
    0.039874999998801286,
    0.04258300000259396,
    0.04104199999943603,
    0.040417000001014,
    0.05091700000292576,
    0.04625000000402224,
    0.03974999999911688,
    0.0492080000000783,
    0.04037499999753891,
    0.03995899999864605,
    0.041541000001643624,
    0.039624999999432475,
    0.03958299999595738,
    0.04016599999800974,
    0.039624999999432475,
    0.03991700000227638,
    0.040082999994695,
    0.04033300000116924,
    0.03887500000132604
  ]
}