{
  "N": 10,
  "total_messages": 10000,
  "processed_messages": 10000,
  "failed_messages": 0,
  "total_time_s": 0.30410629200000017,
  "throughput_msg_per_s": 32883.23939052203,
  "max_workers": 10,
  "success_rate": 1.0
}