{
  "N": 100,
  "total_messages": 10000,
  "processed_messages": 10000,
  "failed_messages": 0,
  "total_time_s": 0.205800791999998,
  "throughput_msg_per_s": 48590.67792120108,
  "max_workers": 50,
  "success_rate": 1.0
}