{
  "N": 50,
  "total_messages": 10000,
  "processed_messages": 10000,
  "failed_messages": 0,
  "total_time_s": 0.25606650000000286,
  "throughput_msg_per_s": 39052.355540454875,
  "max_workers": 50,
  "success_rate": 1.0
}