{
  "N": 1000,
  "total_messages": 10000,
  "processed_messages": 10000,
  "failed_messages": 0,
  "total_time_s": 0.13650579200000124,
  "throughput_msg_per_s": 73256.96480336826,
  "max_workers": 50,
  "success_rate": 1.0
}