{
  "N": 500,
  "avg_latency_ms": 15.208888093333261,
  "std_latency_ms": 2.646789920668666,
  "min_latency_ms": 8.249875000000628,
  "max_latency_ms": 29.50374999999994,
  "median_latency_ms": 14.712083500000972,
  "embedding_precompute_time_s": 0.5372281074523926,
  "total_queries_tested": 150,
  "raw_latencies_ms": [
    8.249875000000628,
    13.492875000000737,
    14.09262499999997,
    12.733167000000378,
    9.83833299999759,
    19.7714590000011,
    18.80754200000112,
    15.133875000000074,
    15.822959000001191,
    14.163082999999688,
    15.453709000002647,
    15.592500000000342,
    16.883082999999743,
    15.428291999999288,
    14.227250000001135,
    15.410458999998156,
    21.054083999999307,
    12.758916999999315,
    13.709584000000774,
    15.759165999998714,
    14.952292000000256,
    15.95562500000014,
    19.715042000001404,
    14.817290999999955,
    14.188250000000124,
    13.755666999998084,
    15.02775000000156,
    13.469125000000304,
    12.357624999999928,
    12.907625000000422,
    10.593082999999837,
    15.77358299999787,
    16.151457999999508,
    15.104458999999792,
    27.69570799999954,
    20.110082999998724,
    14.448167000001177,
    16.102708999998327,
    15.383167000003084,
    18.586249999998472,
    16.27233299999986,
    15.253375000000347,
    16.434500000002572,
    21.673374999998885,
    18.8227079999983,
    20.13870800000106,
    18.869957999999798,
    15.522000000000702,
    15.842416000001691,
    15.716874999998964,
    16.100749999999664,
    15.690124999999,
    14.836459000001412,
    12.970540999997837,
    15.131459000002678,
    16.66845900000169,
    14.807707999999309,
    15.039500000000317,
    14.60433300000119,
    14.539334000001958,
    15.140917000000087,
    13.733708000000178,
    16.198167000002428,
    14.788999999996832,
    20.885416999998796,
    29.50374999999994,
    15.001000000001596,
    14.161042000001345,
    14.680042000001947,
    15.356457999999407,
    18.112750000000233,
    21.006582999998358,
    15.247500000000969,
    13.362665999999024,
    13.676875000001587,
    16.243958000000447,
    16.260124999998737,
    14.307667000000635,
    13.279250000000076,
    14.345708000000457,
    14.183875000000512,
    15.07837499999809,
    13.997875000001159,
    13.95358299999927,
    13.494208000000896,
    14.539374999998245,
    12.8634589999983,
    13.90812499999683,
    15.58145799999977,
    15.819415999999364,
    17.092417000000637,
    14.118291999999144,
    13.754875000000055,
    15.180999999998335,
    14.850165999998666,
    15.955500000000455,
    14.136666000002407,
    14.04658399999903,
    14.201208999999437,
    16.959208999999476,
    14.198207999999823,
    15.054499999997972,
    15.685334000000495,
    15.676750000000794,
    14.744124999999997,
    25.675834000001174,
    15.031707999998645,
    15.032291999997227,
    16.435916999999023,
    13.351374999999166,
    14.100833000000534,
    14.79933399999922,
    13.71862500000276,
    14.012665999999285,
    13.653584000000052,
    14.199208999997381,
    15.144499999998118,
    14.06658299999819,
    13.839041999997193,
    13.61812499999715,
    12.91945799999894,
    13.70333300000226,
    13.866542000002369,
    14.531458999996971,
    14.381249999999568,
    14.094833000001472,
    14.077916999998052,
    13.828000000000173,
    15.54566699999782,
    16.005291999999116,
    14.474584000002011,
    12.471874999999244,
    13.775875000000326,
    14.44825000000094,
    14.031875000000582,
    13.623208999998582,
    15.362792000001235,
    13.740583000000584,
    13.772082999999213,
    13.86179200000015,
    12.736958000001408,
    12.819416999999333,
    14.91270799999711,
    14.436791000001392,
    13.50508300000186,
    12.760165999999629,
    13.793583000001775,
    13.685541000000967,
    14.568707999998765,
    14.138084000002493
  ]
}