{
  "N": 1000,
  "avg_latency_ms": 15.420370513333074,
  "std_latency_ms": 3.235416616418183,
  "min_latency_ms": 6.7365409999986525,
  "max_latency_ms": 40.98979199999775,
  "median_latency_ms": 14.74083349999944,
  "embedding_precompute_time_s": 0.4866518974304199,
  "total_queries_tested": 150,
  "raw_latencies_ms": [
    6.7365409999986525,
    13.871542000000403,
    19.32762499999896,
    15.11304199999941,
    12.520582999997032,
    17.467749999998006,
    14.441334000000694,
    15.370790999998718,
    14.430374999999884,
    14.182042000001616,
    13.821582999998583,
    13.744000000002643,
    13.750625000000127,
    19.32033299999958,
    17.329166999999757,
    22.548041000000296,
    40.98979199999775,
    34.33899999999923,
    23.003042000002694,
    14.646583000001101,
    17.49824999999916,
    19.991125000000665,
    14.386000000001786,
    14.376250000001534,
    15.34145800000175,
    19.5740000000022,
    14.574457999998458,
    14.410000000001588,
    14.184583000002249,
    13.9632909999996,
    14.06495799999874,
    14.725374999997598,
    15.303041999999323,
    14.202333000000067,
    14.781083999999112,
    15.757499999999425,
    14.070042000000171,
    17.679999999998586,
    15.626250000000397,
    14.788207999998804,
    14.745666999999685,
    14.980749999999432,
    19.31087500000217,
    12.89445799999811,
    14.255708999996841,
    13.780791999998598,
    13.880042000000259,
    14.702665999998032,
    15.95054199999879,
    14.510249999997171,
    14.993416999999454,
    14.434208999997367,
    14.277082999999635,
    14.39124999999919,
    16.0393749999983,
    15.115083000001306,
    13.511457999999976,
    13.039207999998581,
    13.69449999999972,
    14.812958000000265,
    15.998666000001549,
    14.995041999998904,
    15.48887499999907,
    15.36291700000092,
    15.871499999999372,
    14.843374999998105,
    15.057582999997265,
    15.319417000000612,
    14.057582999999596,
    14.063000000000159,
    14.117750000000484,
    13.802790999999814,
    13.788790999999634,
    13.901249999999976,
    14.054915999999196,
    13.852915999997606,
    14.561416999999466,
    15.363790999998628,
    15.456041000000198,
    15.752124999998784,
    15.073665999999264,
    13.978791999999629,
    14.074167000000415,
    14.735999999999194,
    15.691999999997819,
    16.18270899999885,
    15.349708000002238,
    16.31470899999954,
    17.056459000002633,
    12.37891699999949,
    21.56866599999674,
    17.25808299999798,
    14.459332999997798,
    14.024292000001992,
    14.001792000001956,
    15.487124999999935,
    14.05012500000069,
    14.54783300000173,
    13.80583399999935,
    13.721207999999763,
    14.278334000000115,
    16.095583000002023,
    15.365165999998709,
    14.54812499999747,
    14.26295799999977,
    14.093875000000367,
    14.104958000000778,
    14.47650000000067,
    14.243249999999819,
    13.914833000001181,
    15.526333000000392,
    15.715874999997936,
    16.289125000000126,
    15.97233300000056,
    18.249166000000372,
    15.821041999998897,
    15.86816700000071,
    16.233667000001617,
    15.055332999999393,
    14.396666999999752,
    14.342916000000372,
    15.551874999999882,
    14.171415999999937,
    15.39041699999899,
    14.198791999998406,
    15.32529199999999,
    15.67608300000245,
    17.795207999999008,
    14.814167000000822,
    14.845999999998583,
    20.782665999998784,
    15.640417000000184,
    16.44820799999991,
    14.465000000001282,
    14.72237500000162,
    15.21312499999894,
    15.71333299999722,
    14.392791999998877,
    14.093333999998237,
    14.334458000000438,
    14.544082999996988,
    15.413625000000764,
    14.388582999998789,
    14.807959000002313,
    14.617999999998688,
    14.130167000001137,
    15.273000000000536,
    9.516999999998887,
    13.276000000001176,
    15.614542000001563
  ]
}