{
  "N": 5000,
  "avg_latency_ms": 22.546125260000334,
  "std_latency_ms": 13.057513817398513,
  "min_latency_ms": 10.446000000001732,
  "max_latency_ms": 118.53233299999744,
  "median_latency_ms": 18.595333499998645,
  "embedding_precompute_time_s": 1.3741118907928467,
  "total_queries_tested": 150,
  "raw_latencies_ms": [
    11.595542000002013,
    19.40400000000153,
    19.240500000002214,
    17.386916000003083,
    15.772958000003001,
    15.607875000000604,
    18.020957999997478,
    17.61495899999943,
    13.705458000000448,
    18.92591700000068,
    18.220791000000958,
    17.134542000000863,
    17.31391699999918,
    18.898874999997872,
    18.76829200000074,
    19.15783300000129,
    16.429000000002247,
    17.358375000000592,
    16.913750000000505,
    17.558125000000757,
    18.22645800000089,
    17.66154199999903,
    17.837124999999787,
    20.52150000000097,
    15.449750000001927,
    17.838749999999237,
    14.367249999999387,
    15.600833000000591,
    16.32116700000097,
    18.11083300000149,
    18.594999999997697,
    19.949790999998385,
    11.601124999998547,
    14.080374999998924,
    15.508582999999021,
    15.346833000002391,
    17.69562500000177,
    10.446000000001732,
    17.939542000000586,
    18.17162499999725,
    16.518250000000734,
    15.313124999998706,
    13.152999999999082,
    21.911958000000453,
    28.99916599999841,
    50.190374999999676,
    33.51783300000122,
    25.98541700000112,
    33.54612500000087,
    34.62925000000183,
    18.7537500000019,
    25.390999999999053,
    22.57099999999923,
    23.468791999999183,
    24.760957999998112,
    16.39250000000203,
    19.20808300000232,
    16.284542000001068,
    31.156541000001425,
    26.877042000002405,
    23.492292000000248,
    20.74212499999817,
    24.568334000001357,
    19.76129199999832,
    16.485458000005337,
    25.75745799999396,
    19.571208000002116,
    17.23604099999676,
    22.291500000001463,
    19.310208000000273,
    19.539416999997172,
    26.618958999996778,
    17.860875000003773,
    23.506374999996638,
    23.242291000002524,
    22.45204100000109,
    20.742417000001012,
    15.557250000000522,
    17.22241699999927,
    20.952874999998983,
    18.689291000001163,
    24.51012499999905,
    66.58662499999934,
    70.65054200000276,
    27.41879199999886,
    16.177499999997735,
    17.107374999994818,
    18.82058400000375,
    17.54745899999932,
    17.732917000003567,
    18.595666999999594,
    15.323958999999832,
    18.20570800000354,
    20.048416000001623,
    19.225833000000137,
    16.278292000002637,
    19.51258299999381,
    18.514541999998357,
    17.886332999999865,
    12.85420799999315,
    12.284958000002177,
    17.400708000003817,
    21.24870800000167,
    18.403374999998334,
    17.226874999998643,
    21.665083999998558,
    17.627791000002446,
    15.408125000000439,
    17.023124999994366,
    19.316875000001232,
    19.35183300000176,
    14.765000000004136,
    14.464541999998914,
    18.292500000001155,
    18.604666999998187,
    18.712290999999937,
    16.887625000002515,
    19.5565000000002,
    17.978542000001596,
    17.193874999996694,
    16.359458000003713,
    17.909457999998324,
    18.668791999999712,
    19.315042000002336,
    16.79462500000284,
    20.00141700000313,
    18.00629200000259,
    16.871459000000755,
    17.583915999999533,
    17.65420899999981,
    14.631125000001077,
    13.765458000001729,
    17.966666000006626,
    21.12845799999974,
    23.04704200000174,
    28.524584000003017,
    69.20304200000515,
    30.287208000004284,
    29.325499999998783,
    60.293707999996116,
    118.53233299999744,
    41.41708399999544,
    30.06308300000171,
    30.52683300000325,
    35.86879200000226,
    48.636958000003006,
    55.874332999998444,
    54.98754199999922,
    31.908291999997118,
    29.8285000000007
  ]
}