{
  "N": 50,
  "avg_latency_ms": 13.375590553333273,
  "std_latency_ms": 3.5606289891207203,
  "min_latency_ms": 6.270167000000271,
  "max_latency_ms": 43.979042000000135,
  "median_latency_ms": 13.38600049999883,
  "embedding_precompute_time_s": 0.09973621368408203,
  "total_queries_tested": 150,
  "raw_latencies_ms": [
    6.270167000000271,
    21.11500000000177,
    13.656875000002344,
    14.350749999998413,
    15.412042000001236,
    14.891916999999921,
    16.32633300000208,
    19.016416999999564,
    15.052874999998522,
    15.064792000000438,
    14.95858300000208,
    12.52208300000035,
    43.979042000000135,
    14.634291000000132,
    13.912083000001019,
    14.491625000001562,
    14.779499999999501,
    13.018040999998703,
    14.445750000000146,
    14.250624999998962,
    14.114583000001346,
    13.17583299999825,
    13.783291999999392,
    12.856250000002234,
    9.381832999999062,
    13.744082999998852,
    13.900417000002108,
    12.228084000000194,
    12.258624999997636,
    13.917083999999136,
    12.024708000001993,
    10.191708999997218,
    19.26654100000036,
    28.482707999998524,
    15.703165999997992,
    16.700374999999212,
    13.094167000001988,
    9.658915999999351,
    12.426583999999963,
    10.133792000001307,
    13.26350000000076,
    10.073999999999472,
    11.04945799999868,
    12.798999999997562,
    12.414333000002387,
    12.111624999999293,
    10.715916999998853,
    8.788417000001658,
    13.131583999999918,
    13.32562500000023,
    13.859082999999828,
    12.665292000001216,
    13.848917000000682,
    13.435750000002855,
    10.609915999999942,
    13.201957999999792,
    12.987459000001422,
    14.576040999997986,
    12.368833000000024,
    13.820749999997162,
    13.608917000002663,
    14.002916999999115,
    15.106417000001926,
    9.157542000000518,
    10.158042000000478,
    15.702666999999337,
    10.74058300000047,
    13.806542000001087,
    12.208666999999451,
    13.68479199999939,
    12.360333000000168,
    10.053083999999046,
    21.147167000002298,
    15.966791000000313,
    12.95520899999758,
    13.528583999999455,
    10.665875000000824,
    10.961790999999721,
    9.324250000002365,
    13.590458999999555,
    10.38595900000061,
    15.55395899999823,
    12.391624999999351,
    14.816458999998616,
    10.94150000000127,
    15.405624999999645,
    12.863083000002717,
    13.436207999998118,
    9.687166000002634,
    14.20750000000126,
    10.709082999998287,
    9.504708000001472,
    12.862207999997821,
    13.708375000000217,
    11.798415999997758,
    9.159875000001705,
    13.566790999998801,
    12.467125000000578,
    13.580999999998511,
    12.861916999998613,
    13.921959000001038,
    13.753665999999498,
    12.715582999998531,
    12.64691699999787,
    15.737542000000104,
    11.714124999997466,
    14.06483400000269,
    13.718624999999207,
    13.610374999998953,
    13.47149999999786,
    16.72775000000115,
    14.98233299999896,
    13.37704199999834,
    12.284417000000047,
    12.651082999997953,
    12.159624999998897,
    14.83891699999873,
    14.259209000002215,
    10.298207999998255,
    9.660415999999117,
    13.325084000001652,
    12.236375000000521,
    13.787208000000106,
    13.817290999998733,
    11.898000000002185,
    13.53925000000089,
    10.800791999997728,
    12.826249999999817,
    13.026916000001165,
    12.281208000000987,
    13.870208000000162,
    10.769708000001543,
    11.050915999998523,
    13.449832999999245,
    12.260624999999692,
    12.082792000001064,
    13.912250000000626,
    13.581667000000408,
    9.904625000000777,
    15.57874999999953,
    15.237457999997872,
    13.611915999998558,
    13.769665999998182,
    14.195916999998559,
    14.824833999998788,
    12.95787500000145,
    14.08491599999806,
    13.394958999999318,
    8.61929100000225,
    8.169667000000658
  ]
}