{
  "N": 100,
  "avg_latency_ms": 14.549682506666645,
  "std_latency_ms": 3.0687175096690824,
  "min_latency_ms": 6.498791999998588,
  "max_latency_ms": 34.4839580000027,
  "median_latency_ms": 14.090187500000795,
  "embedding_precompute_time_s": 0.2936220169067383,
  "total_queries_tested": 150,
  "raw_latencies_ms": [
    6.498791999998588,
    12.702791999998908,
    13.046041999999147,
    13.8076670000018,
    12.411457999998987,
    15.150207999997889,
    10.151875000001809,
    10.9668749999976,
    14.08341700000193,
    13.734499999998206,
    13.678375000001353,
    13.646957999998932,
    14.111124999999447,
    14.035208999999327,
    13.9107910000007,
    13.940374999997118,
    10.215000000002306,
    13.796124999998938,
    13.47387499999897,
    14.57791700000044,
    12.368167000001762,
    15.322457999999983,
    14.429290999999012,
    12.741166000001414,
    14.149540999998322,
    18.313208000002135,
    13.818209000000081,
    15.506250000001387,
    15.822249999999372,
    17.584417000001906,
    16.305665999997387,
    21.043875000000156,
    14.78479200000038,
    14.237542000000047,
    14.213749999999692,
    13.761667000000699,
    12.114332999999533,
    18.45249999999865,
    14.320125000001127,
    14.066291999998981,
    23.472166000001238,
    15.561874999999503,
    34.4839580000027,
    25.721208000000217,
    32.96933300000049,
    9.774541000002301,
    15.948791999999656,
    14.292041000000921,
    13.541833000001446,
    13.867250000000553,
    13.625375000000162,
    11.431000000001745,
    14.631458000000208,
    15.527500000001027,
    16.469834000002237,
    15.075208999999035,
    16.728207999999967,
    13.791583999999801,
    15.45145899999767,
    13.821374999999136,
    9.370749999998651,
    16.130125000000106,
    14.109167000000866,
    14.208165999999522,
    14.249583999998094,
    13.389374999999148,
    13.60383300000123,
    13.631583000002223,
    13.355707999998856,
    9.775375000000253,
    14.279416000000822,
    13.440374999998284,
    13.940417000000593,
    13.696583000001539,
    14.83462499999888,
    14.186458000001068,
    12.439832999998401,
    18.00049999999942,
    15.229790999999437,
    14.537749999998795,
    14.785166999999433,
    12.354041999998344,
    14.81466699999956,
    14.099541000000215,
    13.678125000001984,
    13.451707999998064,
    13.505709000000365,
    13.5693339999996,
    13.925084000000254,
    14.254750000002758,
    18.479750000000905,
    13.908749999998804,
    14.70816699999844,
    15.094707999999457,
    15.004250000000496,
    12.851082999997487,
    13.441166999999865,
    14.013042000001974,
    14.894082999997948,
    14.37966700000004,
    13.419875000000303,
    11.82579199999978,
    14.911792000003032,
    15.427708000000706,
    13.995083000001074,
    10.99316699999875,
    14.76516700000019,
    14.635124999998084,
    14.315375000002462,
    15.353083000000822,
    12.555792000000565,
    14.167874999998276,
    14.594709000000705,
    17.12716700000172,
    13.600084000000123,
    14.096250000001476,
    13.45045899999775,
    14.303042000001653,
    14.084125000000114,
    14.609040999999934,
    14.393417000000852,
    13.393415999999547,
    13.645166999999958,
    13.466499999999826,
    14.869583999999492,
    14.82383300000123,
    16.559791999998907,
    15.743207999999953,
    16.73279200000266,
    14.878291999998794,
    18.21787500000127,
    16.135332999997587,
    14.51041700000033,
    13.32295799999983,
    13.613334000002197,
    13.795333999997439,
    13.990374999998778,
    14.14945799999856,
    14.249625000001487,
    13.678082999998509,
    13.279291999999998,
    13.810875000000777,
    13.923750000000013,
    14.65120799999653,
    13.633042000002149,
    13.235999999999137,
    13.452208000000354,
    13.74291600000177,
    13.285957999997322,
    13.93454099999758
  ]
}