{
  "N": 10,
  "avg_latency_ms": 10.28474721999996,
  "std_latency_ms": 26.296957710605657,
  "min_latency_ms": 5.168707999999356,
  "max_latency_ms": 257.7274999999979,
  "median_latency_ms": 5.720124999999854,
  "embedding_precompute_time_s": 0.10008788108825684,
  "total_queries_tested": 150,
  "raw_latencies_ms": [
    257.7274999999979,
    8.338333000001086,
    59.57091600000197,
    55.28087500000112,
    33.49954200000127,
    6.482875000003219,
    35.16920799999923,
    6.477165999999812,
    6.494833000001421,
    32.75812500000086,
    6.209832999999776,
    6.11879099999868,
    6.277792000002336,
    35.16783399999923,
    6.535457999998329,
    5.596208000000047,
    5.718250000001035,
    6.298707999999209,
    5.7584169999991275,
    5.79583400000061,
    5.8749169999998685,
    6.1320830000006765,
    6.677332999998953,
    6.333333999997137,
    6.442457999998652,
    6.081958999999415,
    5.878165999998686,
    5.79208399999942,
    5.846749999999901,
    5.622000000002458,
    5.58795799999956,
    5.657541999998017,
    5.5769579999989105,
    5.670334000001276,
    5.458416999999827,
    5.6808749999994745,
    6.169416999998845,
    6.151249999998498,
    6.834999999998814,
    6.059333000003164,
    6.304083999999932,
    5.683333000000346,
    5.683375000000268,
    5.586334000000193,
    5.678249999998997,
    5.6140420000012625,
    5.593457999999885,
    5.779333999999636,
    5.6720830000003275,
    5.489625000002718,
    5.71062499999897,
    5.6382080000005885,
    6.206957999999929,
    6.268957999999714,
    5.715957999999688,
    5.721999999998673,
    5.6665840000000856,
    5.591958000000119,
    6.349834000001664,
    5.868458999998438,
    6.24862500000134,
    5.69099999999878,
    5.701208000001401,
    5.168707999999356,
    5.622959000000094,
    5.554917000001325,
    5.575834000001834,
    5.486375000000265,
    6.643207999999845,
    5.810291999999606,
    6.116083999998523,
    5.564166999999287,
    5.682874999997978,
    5.629250000001917,
    5.538708999999642,
    5.661499999998654,
    5.594417000001073,
    5.561457999998964,
    5.652000000001323,
    6.002166000001807,
    5.607999999998725,
    5.487875000000031,
    6.514291999998534,
    6.4224999999993315,
    5.706374999999042,
    5.6716249999979595,
    5.74158299999894,
    5.657708000001094,
    5.687292000001065,
    5.648499999999501,
    5.536249999998688,
    5.598958000000209,
    5.654624999998248,
    5.625165999997961,
    6.007333000003001,
    5.684957999999796,
    5.617583000002924,
    5.487834000000191,
    5.766791999999299,
    6.732916000000699,
    6.739500000001897,
    5.728417000000263,
    6.142417000003064,
    5.6365830000011385,
    5.6824999999989245,
    192.03354099999714,
    6.227582999997594,
    5.895999999999901,
    5.533708000001525,
    5.47620900000112,
    6.85333400000232,
    6.363708000002077,
    6.765584000000047,
    7.679749999997654,
    5.834666999998461,
    5.650582999997766,
    5.61133399999747,
    5.6289579999990735,
    5.4984590000017874,
    5.602833000001084,
    5.742041999997838,
    5.78991700000131,
    5.598500000001394,
    5.6846660000005045,
    5.712624999997473,
    5.544665999998699,
    6.855083000001372,
    6.36483300000279,
    5.999166999998806,
    5.679250000000025,
    5.738374999999962,
    5.694499999997049,
    5.713416999999055,
    5.723916000000884,
    5.6385830000031945,
    5.636415999997979,
    5.602333000002346,
    5.578124999999545,
    5.600708000002896,
    5.693749999998943,
    7.6034579999983976,
    5.9277499999979,
    6.09937499999802,
    5.734125000000034,
    5.551291999999819,
    8.067374999999544,
    6.83862500000032,
    6.081749999999886,
    5.926957999999871,
    5.712792000000633
  ]
}